ride_date,num_rides,avg_duration_min,temp_f,max_temp_f,min_temp_f,wind_speed_knots,precip_in,day_of_week,month
2013-07-01,16650,16.31,74.8,78.1,73.4,7.8,0.0,Monday,7
2013-07-02,22745,15.97,76.1,82.9,73.0,8.0,0.73,Tuesday,7
2013-07-03,21864,16.24,78.5,84.9,73.9,8.8,0.06,Wednesday,7
2013-07-04,22326,21.22,82.0,91.0,73.9,8.6,0.96,Thursday,7
2013-07-05,21842,18.04,84.4,93.0,75.9,9.0,0.0,Friday,7
2013-07-06,20467,19.33,87.0,95.0,77.0,9.3,0.0,Saturday,7
2013-07-07,20477,18.64,88.8,98.1,79.0,8.8,0.0,Sunday,7
2013-07-08,21615,21.49,83.7,98.1,75.0,8.9,0.0,Monday,7
2013-07-09,26641,16.1,82.6,91.0,75.0,6.0,0.0,Tuesday,7
2013-07-10,25732,15.53,82.0,91.0,75.0,8.7,0.08,Wednesday,7
2013-07-11,24417,16.83,82.3,91.0,75.0,7.6,0.02,Thursday,7
2013-07-12,19006,15.64,75.4,86.0,72.0,9.1,0.0,Friday,7
2013-07-13,26119,18.62,71.4,78.1,68.0,10.5,0.23,Saturday,7
2013-07-14,29287,19.36,80.2,93.9,69.1,6.0,0.01,Sunday,7
2013-07-15,28069,15.32,87.2,93.9,72.0,7.8,0.0,Monday,7
2013-07-16,29842,15.13,86.5,93.9,79.0,7.9,0.0,Tuesday,7
2013-07-17,30550,14.67,87.4,97.0,78.1,4.0,0.0,Wednesday,7
2013-07-18,28869,14.38,89.3,100.0,78.1,6.3,0.0,Thursday,7
2013-07-19,26591,14.67,92.5,100.0,82.9,8.9,0.0,Friday,7
2013-07-20,25278,17.95,89.2,100.0,82.9,11.3,0.0,Saturday,7
2013-07-21,30297,18.71,82.2,95.0,77.0,7.6,0.0,Sunday,7
2013-07-22,25979,14.7,77.1,87.1,75.0,8.3,0.0,Monday,7
2013-07-23,32376,15.74,80.0,91.0,75.0,7.4,0.58,Tuesday,7
2013-07-24,35271,15.59,79.9,91.0,75.0,7.8,0.31,Wednesday,7
2013-07-25,31084,14.94,68.0,82.9,64.0,11.7,0.0,Thursday,7
2013-07-26,34534,15.67,71.5,84.0,64.0,8.6,0.02,Friday,7
2013-07-27,32470,18.91,76.9,84.0,64.9,8.5,0.0,Saturday,7
2013-07-28,23508,17.54,74.8,84.0,71.1,7.6,0.0,Sunday,7
2013-07-29,34915,15.69,77.3,89.1,71.1,5.7,0.13,Monday,7
2013-07-30,37334,15.83,75.9,89.1,70.0,8.7,0.0,Tuesday,7
2013-07-31,37261,15.39,76.1,82.0,70.0,6.2,0.0,Wednesday,7
2013-08-01,20138,13.38,73.5,82.0,69.1,7.6,0.0,Thursday,8
2013-08-02,35792,16.09,75.5,86.0,69.1,7.3,0.5,Friday,8
2013-08-03,29540,18.49,76.4,86.0,70.0,8.1,0.0,Saturday,8
2013-08-04,35253,19.72,74.6,81.0,70.0,8.7,0.01,Sunday,8
2013-08-05,36776,16.12,71.5,81.0,64.0,9.4,0.0,Monday,8
2013-08-06,37702,16.16,73.9,82.0,64.0,6.3,0.0,Tuesday,8
2013-08-07,34396,14.69,74.4,82.0,66.9,9.5,0.0,Wednesday,8
2013-08-08,28366,14.32,75.0,82.0,71.1,9.1,0.16,Thursday,8
2013-08-09,29017,15.14,78.2,89.1,71.1,9.2,0.08,Friday,8
2013-08-10,37201,20.44,78.3,89.1,72.0,8.9,0.04,Saturday,8
2013-08-11,33060,19.43,74.8,84.0,66.9,5.7,0.0,Sunday,8
2013-08-12,31457,15.31,74.8,82.0,66.9,5.5,0.09,Monday,8
2013-08-13,22437,15.65,74.0,82.0,70.0,5.3,0.01,Tuesday,8
2013-08-14,38150,15.56,69.5,78.1,62.1,12.4,0.73,Wednesday,8
2013-08-15,37386,15.3,69.8,78.1,62.1,8.2,0.0,Thursday,8
2013-08-16,35991,16.39,72.6,81.0,63.0,3.7,0.0,Friday,8
2013-08-17,37285,20.1,73.6,81.0,66.9,5.2,0.0,Saturday,8
2013-08-18,27612,16.94,72.5,81.0,68.0,5.2,0.0,Sunday,8
2013-08-19,33127,14.89,73.5,80.1,68.0,5.5,0.0,Monday,8
2013-08-20,35843,14.97,77.5,89.1,68.0,4.5,0.0,Tuesday,8
2013-08-21,36315,15.09,81.1,90.0,70.0,4.5,0.0,Wednesday,8
2013-08-22,26629,14.41,77.5,90.0,73.0,5.8,0.0,Thursday,8
2013-08-23,33503,15.74,76.2,81.0,72.0,9.0,0.24,Friday,8
2013-08-24,32941,18.08,71.5,81.0,64.0,8.9,0.0,Saturday,8
2013-08-25,31755,19.06,73.8,82.9,64.0,4.8,0.0,Sunday,8
2013-08-26,29979,15.47,75.3,84.0,66.9,9.1,0.0,Monday,8
2013-08-27,34208,15.07,78.3,86.0,70.0,10.6,0.01,Tuesday,8
2013-08-28,28185,14.16,78.0,86.0,73.0,3.2,0.1,Wednesday,8
2013-08-29,34215,14.31,74.6,84.9,71.1,7.3,0.0,Thursday,8
2013-08-30,32318,15.44,75.4,86.0,69.1,7.4,0.0,Friday,8
2013-08-31,25381,17.86,78.5,86.0,69.1,8.8,0.0,Saturday,8
2013-09-01,25235,18.37,79.6,86.0,73.0,8.0,0.0,Sunday,9
2013-09-02,21416,16.86,76.9,80.6,71.6,4.8,0.0,Monday,9
2013-09-03,32411,14.44,76.2,82.0,72.0,6.7,0.99,Tuesday,9
2013-09-04,36798,15.07,73.3,82.0,66.0,10.4,0.09,Wednesday,9
2013-09-05,35825,14.6,74.3,82.0,66.0,9.3,0.0,Thursday,9
2013-09-06,35868,14.81,64.8,77.0,57.0,7.5,0.0,Friday,9
2013-09-07,34419,17.38,68.3,79.0,57.0,6.5,0.0,Saturday,9
2013-09-08,33196,17.08,73.9,80.1,61.0,8.7,0.0,Sunday,9
2013-09-09,35394,15.26,65.9,80.1,57.9,7.7,0.0,Monday,9
2013-09-10,36954,14.48,74.8,88.0,57.9,8.8,0.0,Tuesday,9
2013-09-11,35812,14.03,83.6,93.9,69.1,7.5,0.0,Wednesday,9
2013-09-12,31252,13.68,80.6,88.0,71.1,8.4,0.0,Thursday,9
2013-09-13,36501,14.66,71.3,86.0,68.0,9.4,1.3,Friday,9
2013-09-14,31607,16.69,61.6,77.0,55.9,10.8,0.03,Saturday,9
2013-09-15,31914,17.27,61.5,73.0,54.0,6.9,0.0,Sunday,9
2013-09-16,31287,13.8,65.8,73.0,54.0,6.9,0.0,Monday,9
2013-09-17,38283,13.88,58.2,72.0,48.9,10.1,0.02,Tuesday,9
2013-09-18,37957,13.93,61.8,71.1,48.9,5.0,0.0,Wednesday,9
2013-09-19,39200,14.11,65.0,77.0,55.0,5.4,0.0,Thursday,9
2013-09-20,39382,14.81,68.1,78.1,57.0,5.8,0.0,Friday,9
2013-09-21,31826,17.05,67.4,78.1,61.0,9.4,0.0,Saturday,9
2013-09-22,29758,16.5,66.3,75.9,61.0,12.9,0.98,Sunday,9
2013-09-23,35152,13.87,58.5,68.0,52.0,10.6,0.53,Monday,9
2013-09-24,38417,13.78,59.1,73.0,50.0,8.0,0.0,Tuesday,9
2013-09-25,38223,13.99,64.1,73.0,50.0,5.4,0.0,Wednesday,9
2013-09-26,38189,13.79,63.9,72.0,55.0,6.2,0.0,Thursday,9
2013-09-27,37412,14.23,61.5,69.1,57.0,6.4,0.0,Friday,9
2013-09-28,34931,17.02,64.4,73.0,57.0,7.3,0.0,Saturday,9
2013-09-29,32592,16.52,64.6,73.0,57.9,4.9,0.0,Sunday,9
2013-09-30,37148,13.73,63.9,73.0,57.9,4.1,0.0,Monday,9
2013-10-01,40575,13.71,68.9,81.0,57.9,5.5,0.0,Tuesday,10
2013-10-02,41383,13.91,73.9,84.0,62.1,6.0,0.0,Wednesday,10
2013-10-03,40456,13.72,72.6,84.0,64.9,4.3,0.0,Thursday,10
2013-10-04,40195,14.67,74.0,86.0,64.9,4.9,0.0,Friday,10
2013-10-05,34181,16.76,68.3,86.0,64.0,6.7,0.03,Saturday,10
2013-10-06,26574,14.69,66.5,73.0,64.0,7.6,0.01,Sunday,10
2013-10-07,25016,12.65,70.7,77.0,64.0,11.8,0.33,Monday,10
2013-10-08,38365,13.78,61.6,77.0,55.9,10.2,0.0,Tuesday,10
2013-10-09,36969,12.84,59.7,66.0,54.0,12.3,0.0,Wednesday,10
2013-10-10,31171,12.4,59.1,66.0,54.0,13.2,0.0,Thursday,10
2013-10-11,33357,13.34,63.7,69.1,54.0,16.4,0.0,Friday,10
2013-10-12,32457,16.88,65.7,72.0,60.1,15.5,0.0,Saturday,10
2013-10-13,28832,15.95,60.9,72.0,57.0,15.0,0.0,Sunday,10
2013-10-14,33018,13.91,58.0,64.9,53.1,6.6,0.0,Monday,10
2013-10-15,37534,13.48,60.4,70.0,53.1,4.7,0.0,Tuesday,10
2013-10-16,36911,13.34,60.1,70.0,55.9,5.6,0.0,Wednesday,10
2013-10-17,36888,13.39,64.7,73.0,57.0,6.7,0.0,Thursday,10
2013-10-18,38122,13.88,64.2,73.0,57.9,11.5,0.01,Friday,10
2013-10-19,29548,15.61,59.4,69.1,54.0,5.9,0.0,Saturday,10
2013-10-20,29256,15.91,58.4,64.0,51.1,10.4,0.0,Sunday,10
2013-10-21,35012,13.79,59.3,66.9,51.1,7.3,0.0,Monday,10
2013-10-22,36338,12.58,59.6,68.0,52.0,7.6,0.0,Tuesday,10
2013-10-23,32365,12.02,52.8,68.0,50.0,7.8,0.0,Wednesday,10
2013-10-24,32251,12.12,48.4,55.0,43.0,11.8,0.0,Thursday,10
2013-10-25,30979,12.51,47.4,55.0,42.1,13.0,0.0,Friday,10
2013-10-26,24569,14.57,49.5,55.9,42.1,10.1,0.0,Saturday,10
2013-10-27,23965,14.66,53.0,59.0,43.0,10.3,0.0,Sunday,10
2013-10-28,31498,12.78,53.0,61.0,44.1,7.7,0.0,Monday,10
2013-10-29,33414,12.58,50.5,61.0,44.1,8.0,0.0,Tuesday,10
2013-10-30,35069,12.16,52.9,60.1,44.1,4.5,0.0,Wednesday,10
2013-10-31,31444,12.93,59.3,66.9,48.0,6.2,0.0,Thursday,10
2013-11-01,30384,13.63,65.9,70.0,53.1,12.1,0.05,Friday,11
2013-11-02,31013,16.59,61.5,70.0,55.0,5.7,0.05,Saturday,11
2013-11-03,20798,13.26,50.9,68.0,42.1,11.2,0.01,Sunday,11
2013-11-04,27142,12.37,39.5,55.9,34.0,10.3,0.0,Monday,11
2013-11-05,31493,12.21,46.8,55.0,34.0,6.7,0.0,Tuesday,11
2013-11-06,34826,13.01,53.2,61.0,42.1,5.9,0.0,Wednesday,11
2013-11-07,25719,11.87,58.3,63.0,46.9,9.2,0.0,Thursday,11
2013-11-08,28686,12.61,46.0,63.0,41.0,14.2,0.08,Friday,11
2013-11-09,21734,14.41,44.3,50.0,39.9,10.3,0.0,Saturday,11
2013-11-10,19712,13.91,50.1,60.1,39.9,11.0,0.0,Sunday,11
2013-11-11,27295,12.65,48.6,60.1,44.1,13.6,0.0,Monday,11
2013-11-12,19925,11.08,43.9,53.1,34.0,13.4,0.02,Tuesday,11
2013-11-13,23633,11.13,34.0,52.0,30.0,13.4,0.01,Wednesday,11
2013-11-14,27040,13.03,41.0,53.1,30.0,11.6,0.0,Thursday,11
2013-11-15,29051,12.72,49.1,57.0,34.0,6.2,0.0,Friday,11
2013-11-16,25194,15.31,51.9,59.0,43.0,5.5,0.03,Saturday,11
2013-11-17,17995,13.47,52.6,60.8,48.2,4.5,0.02,Sunday,11
2013-11-18,30615,13.22,60.3,64.9,48.9,11.4,0.25,Monday,11
2013-11-19,27417,11.48,48.3,64.9,41.0,16.8,0.23,Tuesday,11
2013-11-20,26229,11.41,38.0,51.1,32.0,9.0,0.0,Wednesday,11
2013-11-21,28752,11.77,41.6,52.0,32.0,6.4,0.0,Thursday,11
2013-11-22,25448,12.09,52.4,57.0,36.0,6.4,0.0,Friday,11
2013-11-23,18996,14.31,47.4,57.0,39.9,12.8,0.07,Saturday,11
2013-11-24,9392,11.1,29.4,55.0,24.1,22.2,0.02,Sunday,11
2013-11-25,19116,11.02,27.9,35.1,24.1,11.9,0.0,Monday,11
2013-11-26,14999,13.04,36.0,39.9,24.1,7.0,0.0,Tuesday,11
2013-11-27,7976,11.03,48.0,60.1,34.0,13.7,1.91,Wednesday,11
2013-11-28,5204,13.91,34.1,39.2,30.9,17.9,0.3,Thursday,11
2013-11-29,10127,13.15,34.1,39.0,30.9,7.2,0.0,Friday,11
2013-11-30,9863,13.68,31.3,39.0,25.0,7.2,0.0,Saturday,11
2013-12-01,13326,13.56,41.1,48.9,25.0,3.2,0.0,Sunday,12
2013-12-02,24576,12.38,44.2,48.9,37.0,4.5,0.0,Monday,12
2013-12-03,27431,12.17,44.0,53.1,37.9,4.0,0.0,Tuesday,12
2013-12-04,28199,12.27,43.8,53.1,37.9,4.3,0.0,Wednesday,12
2013-12-05,26988,12.38,48.6,57.9,39.0,5.3,0.01,Thursday,12
2013-12-06,10736,11.62,50.5,57.9,42.8,7.1,0.05,Friday,12
2013-12-07,15545,12.23,38.2,43.0,35.6,10.7,0.81,Saturday,12
2013-12-08,10090,12.17,32.1,37.9,28.4,8.7,0.13,Sunday,12
2013-12-09,14824,10.72,34.5,39.2,28.9,10.9,0.19,Monday,12
2013-12-10,12850,11.55,36.0,39.0,32.0,8.5,0.07,Tuesday,12
2013-12-11,18766,11.96,30.7,39.0,27.0,13.2,0.22,Wednesday,12
2013-12-12,17214,11.46,27.6,34.0,23.0,12.5,0.0,Thursday,12
2013-12-13,17888,12.06,28.2,35.1,23.0,13.0,0.0,Friday,12
2013-12-14,3701,12.06,28.6,35.1,24.1,12.0,0.0,Saturday,12
2013-12-15,7462,15.23,33.7,39.0,24.1,14.2,1.21,Sunday,12
2013-12-16,15562,11.22,31.0,39.0,26.1,12.0,0.77,Monday,12
2013-12-17,7863,12.22,27.2,34.0,24.1,7.3,0.0,Tuesday,12
2013-12-18,14924,11.49,28.6,37.0,24.1,9.4,0.16,Wednesday,12
2013-12-19,18766,11.24,36.6,45.0,24.1,9.6,0.0,Thursday,12
2013-12-20,22066,14.08,45.2,52.0,30.9,5.4,0.0,Friday,12
2013-12-21,17940,14.48,53.6,60.1,37.9,6.6,0.0,Saturday,12
2013-12-22,15063,15.07,58.4,69.1,50.0,9.0,0.01,Sunday,12
2013-12-23,6956,11.89,58.5,69.1,50.0,6.2,0.09,Monday,12
2013-12-24,11025,12.74,39.2,62.1,34.0,10.7,0.44,Tuesday,12
2013-12-25,3260,13.75,25.6,42.1,19.0,10.3,0.0,Wednesday,12
2013-12-26,9763,11.94,31.7,36.0,19.0,6.2,0.0,Thursday,12
2013-12-27,11720,12.44,35.6,39.9,30.0,10.3,0.0,Friday,12
2013-12-28,12022,16.26,42.4,55.0,32.0,9.3,0.0,Saturday,12
2013-12-29,3775,12.16,45.2,55.0,36.0,7.1,0.0,Sunday,12
2013-12-30,13241,12.35,40.5,48.0,28.9,11.3,1.2,Monday,12
2013-12-31,10424,13.24,26.0,44.1,21.0,9.9,0.0,Tuesday,12
2014-01-01,6059,15.38,28.9,33.1,21.0,9.4,0.0,Wednesday,1
2014-01-02,8600,12.98,28.9,33.1,25.0,14.2,0.01,Thursday,1
2014-01-03,1144,13.39,16.6,32.0,10.9,16.7,0.3,Friday,1
2014-01-04,2292,20.4,15.8,27.0,9.0,6.8,0.25,Saturday,1
2014-01-05,2678,13.74,29.1,35.6,26.1,4.8,0.0,Sunday,1
2014-01-06,9510,12.81,44.7,53.1,25.0,11.2,0.17,Monday,1
2014-01-07,6267,12.1,14.0,36.0,3.9,19.6,0.24,Tuesday,1
2014-01-08,9246,10.23,12.9,21.9,3.9,11.4,0.0,Wednesday,1
2014-01-09,13354,10.86,25.7,33.1,9.0,7.0,0.0,Thursday,1
2014-01-10,9847,11.19,30.2,34.0,23.0,4.8,0.0,Friday,1
2014-01-11,7695,12.37,43.7,55.0,27.0,9.2,0.22,Saturday,1
2014-01-12,12515,12.07,47.6,55.9,34.0,13.6,0.45,Sunday,1
2014-01-13,20633,11.78,41.8,54.0,35.1,8.9,0.02,Monday,1
2014-01-14,9999,11.12,45.8,50.0,35.1,6.6,0.02,Tuesday,1
2014-01-15,21630,11.7,42.4,50.0,36.0,5.5,0.36,Wednesday,1
2014-01-16,19953,11.39,39.1,41.0,37.0,5.9,0.0,Thursday,1
2014-01-17,20301,12.21,38.3,46.0,33.1,5.5,0.0,Friday,1
2014-01-18,9438,14.08,37.5,46.0,32.0,7.7,0.0,Saturday,1
2014-01-19,9028,13.61,29.8,39.0,25.0,12.1,0.15,Sunday,1
2014-01-20,13407,13.1,39.6,46.0,25.0,11.1,0.0,Monday,1
2014-01-21,3804,14.3,25.7,46.0,14.0,12.5,0.0,Tuesday,1
2014-01-22,2451,16.58,12.6,32.0,7.0,16.6,0.25,Wednesday,1
2014-01-23,5071,15.4,13.5,21.0,7.0,11.9,0.0,Thursday,1
2014-01-24,6176,13.03,15.7,21.0,8.1,12.8,0.0,Friday,1
2014-01-25,4338,11.47,22.0,27.0,10.9,12.6,0.0,Saturday,1
2014-01-26,4980,11.96,21.9,27.0,18.0,12.7,0.02,Sunday,1
2014-01-27,13119,10.54,33.7,44.1,18.0,9.4,0.0,Monday,1
2014-01-28,10033,14.22,18.5,28.0,12.9,11.8,0.0,Tuesday,1
2014-01-29,10021,11.17,18.2,23.0,12.9,8.1,0.05,Wednesday,1
2014-01-30,12158,11.19,21.6,28.9,14.0,7.5,0.0,Thursday,1
2014-01-31,14653,11.71,30.5,39.0,18.0,7.3,0.0,Friday,1
2014-02-01,12771,13.67,38.2,44.1,26.1,3.2,0.0,Saturday,2
2014-02-02,13816,13.74,40.3,55.0,30.0,3.3,0.0,Sunday,2
2014-02-03,2600,13.29,35.6,55.0,30.0,8.2,0.27,Monday,2
2014-02-04,8709,12.54,29.6,42.1,25.0,6.2,0.81,Tuesday,2
2014-02-05,2746,15.42,31.5,36.0,25.0,9.0,0.74,Wednesday,2
2014-02-06,7196,17.35,28.4,34.0,21.9,8.6,0.44,Thursday,2
2014-02-07,8495,17.48,28.5,33.1,21.9,8.9,0.0,Friday,2
2014-02-08,5986,17.38,26.8,33.1,21.9,8.0,0.0,Saturday,2
2014-02-09,4996,17.12,26.1,28.9,21.0,6.5,0.0,Sunday,2
2014-02-10,6846,14.4,25.9,28.9,21.0,12.4,0.1,Monday,2
2014-02-11,8343,16.45,22.6,28.9,18.0,11.3,0.0,Tuesday,2
2014-02-12,8580,14.08,19.0,26.1,14.0,9.2,0.0,Wednesday,2
2014-02-13,876,81.11,28.7,36.0,14.0,15.8,0.18,Thursday,2
2014-02-14,3609,28.91,35.4,39.9,24.1,16.4,1.75,Friday,2
2014-02-15,2261,18.35,34.5,39.0,30.2,9.7,0.25,Saturday,2
2014-02-16,3003,21.35,27.2,37.0,21.9,14.0,0.05,Sunday,2
2014-02-17,4854,16.12,24.4,33.1,19.0,11.2,0.0,Monday,2
2014-02-18,5140,14.63,30.6,39.9,19.0,7.2,0.05,Tuesday,2
2014-02-19,8506,14.16,36.4,45.0,25.0,5.3,0.1,Wednesday,2
2014-02-20,11792,13.57,42.5,50.0,28.0,8.1,0.25,Thursday,2
2014-02-21,8680,11.75,37.1,46.9,33.8,8.2,0.02,Friday,2
2014-02-22,13044,16.47,45.5,55.0,34.0,9.4,0.11,Saturday,2
2014-02-23,13324,15.58,48.0,55.0,37.9,5.2,0.0,Sunday,2
2014-02-24,12922,12.59,40.0,54.0,33.1,13.2,0.0,Monday,2
2014-02-25,12830,11.43,28.7,44.1,24.1,12.9,0.0,Tuesday,2
2014-02-26,11188,11.07,28.0,33.1,24.1,9.2,0.0,Wednesday,2
2014-02-27,12036,10.51,24.7,33.1,19.0,9.6,0.01,Thursday,2
2014-02-28,9587,11.09,17.3,33.1,10.0,13.3,0.0,Friday,2
2014-03-01,9202,11.87,26.6,37.9,10.0,5.6,0.0,Saturday,3
2014-03-02,8195,11.22,36.6,39.0,21.0,6.0,0.0,Sunday,3
2014-03-03,7708,11.46,25.9,39.0,19.9,10.6,0.01,Monday,3
2014-03-04,10398,10.33,20.3,32.0,12.9,6.4,0.0,Tuesday,3
2014-03-05,13801,10.52,30.6,37.0,12.9,5.1,0.0,Wednesday,3
2014-03-06,12773,10.19,24.2,37.0,16.0,10.2,0.0,Thursday,3
2014-03-07,13304,11.05,29.2,36.0,16.0,10.2,0.0,Friday,3
2014-03-08,16350,15.87,41.6,55.9,26.1,7.3,0.0,Saturday,3
2014-03-09,12262,12.71,41.4,55.9,35.1,11.3,0.0,Sunday,3
2014-03-10,17231,11.22,41.9,51.1,35.1,8.7,0.0,Monday,3
2014-03-11,24356,12.95,52.3,64.9,37.0,7.0,0.0,Tuesday,3
2014-03-12,15101,10.97,48.1,64.9,39.0,7.4,0.0,Wednesday,3
2014-03-13,10979,10.65,28.8,54.0,19.0,20.9,0.35,Thursday,3
2014-03-14,16299,10.92,29.7,44.1,19.0,12.9,0.0,Friday,3
2014-03-15,18053,14.78,47.9,57.9,39.0,11.1,0.0,Saturday,3
2014-03-16,9851,12.28,37.7,57.9,30.0,14.2,0.0,Sunday,3
2014-03-17,12503,10.62,28.3,33.1,23.0,9.3,0.0,Monday,3
2014-03-18,16679,11.35,32.1,41.0,23.0,9.4,0.0,Tuesday,3
2014-03-19,13341,10.86,35.8,45.0,27.0,9.4,0.0,Wednesday,3
2014-03-20,19695,11.97,45.3,53.1,30.9,11.4,0.99,Thursday,3
2014-03-21,20718,12.22,43.7,53.1,39.0,14.1,0.0,Friday,3
2014-03-22,19880,16.06,48.4,63.0,37.0,9.7,0.0,Saturday,3
2014-03-23,11740,12.28,41.5,63.0,35.1,11.0,0.0,Sunday,3
2014-03-24,13598,10.49,28.1,42.1,21.9,12.8,0.0,Monday,3
2014-03-25,16037,10.42,31.6,37.9,21.9,7.5,0.0,Tuesday,3
2014-03-26,14500,10.2,33.4,37.9,26.1,16.8,0.0,Wednesday,3
2014-03-27,16666,11.41,30.1,42.1,23.0,12.7,0.0,Thursday,3
2014-03-28,18425,12.24,44.9,60.1,23.0,8.1,0.0,Friday,3
2014-03-29,4480,11.07,48.3,60.1,37.9,6.7,0.03,Saturday,3
2014-03-30,7907,12.75,44.1,55.0,41.0,12.4,1.97,Sunday,3
2014-03-31,17085,11.83,42.1,53.1,35.6,15.2,0.29,Monday,3
2014-04-01,23908,12.85,45.9,59.0,36.0,8.5,0.02,Tuesday,4
2014-04-02,22515,12.0,45.6,59.0,39.0,5.7,0.0,Wednesday,4
2014-04-03,26321,12.89,50.7,64.0,41.0,3.9,0.0,Thursday,4
2014-04-04,12566,10.68,44.7,51.1,39.2,9.8,0.09,Friday,4
2014-04-05,18655,14.95,45.3,54.0,39.0,12.8,0.17,Saturday,4
2014-04-06,20750,16.59,44.9,59.0,37.0,9.7,0.0,Sunday,4
2014-04-07,14677,11.32,46.1,59.0,37.0,6.9,0.0,Monday,4
2014-04-08,21884,12.15,51.0,64.9,41.0,10.7,0.99,Tuesday,4
2014-04-09,26931,12.85,51.4,64.9,43.0,13.2,0.01,Wednesday,4
2014-04-10,27463,12.73,49.8,59.0,42.1,10.4,0.0,Thursday,4
2014-04-11,26798,13.81,59.2,73.9,42.1,8.8,0.0,Friday,4
2014-04-12,27108,17.64,58.8,73.9,48.9,6.6,0.0,Saturday,4
2014-04-13,26871,18.38,59.8,73.9,48.9,8.2,0.0,Sunday,4
2014-04-14,28832,14.84,61.7,73.9,50.0,10.5,0.0,Monday,4
2014-04-15,10523,10.55,56.9,61.0,44.6,13.7,0.1,Tuesday,4
2014-04-16,20082,11.89,38.9,46.9,32.0,14.1,0.82,Wednesday,4
2014-04-17,22282,12.43,41.1,46.9,32.0,11.4,0.05,Thursday,4
2014-04-18,20770,12.43,39.9,46.9,35.1,7.1,0.0,Friday,4
2014-04-19,24369,18.44,50.6,64.9,35.1,6.8,0.0,Saturday,4
2014-04-20,18464,16.71,51.6,64.9,42.1,9.2,0.0,Sunday,4
2014-04-21,27124,13.9,49.9,63.0,41.0,5.4,0.0,Monday,4
2014-04-22,27259,12.71,56.4,66.0,41.0,7.7,0.0,Tuesday,4
2014-04-23,26949,12.41,55.6,66.0,48.0,16.0,0.0,Wednesday,4
2014-04-24,28107,13.02,49.4,62.1,43.0,17.9,0.0,Thursday,4
2014-04-25,27919,13.53,52.3,60.1,43.0,8.9,0.0,Friday,4
2014-04-26,19899,16.16,52.0,64.0,44.6,8.2,0.7,Saturday,4
2014-04-27,21926,15.82,51.3,64.0,45.0,10.8,0.06,Sunday,4
2014-04-28,28557,13.44,53.7,64.0,46.0,7.3,0.0,Monday,4
2014-04-29,18404,11.01,49.9,64.0,44.1,13.4,0.0,Tuesday,4
2014-04-30,2867,9.5,44.5,51.1,42.1,14.1,0.55,Wednesday,4
2014-05-01,26762,14.31,59.3,77.0,42.1,7.9,4.88,Thursday,5
2014-05-02,32377,14.01,62.8,77.0,48.9,7.6,0.01,Friday,5
2014-05-03,25501,18.09,61.7,69.1,54.0,7.2,0.0,Saturday,5
2014-05-04,21277,15.44,58.7,69.1,54.0,12.2,0.03,Sunday,5
2014-05-05,30288,14.4,57.5,66.9,50.0,15.6,0.0,Monday,5
2014-05-06,32233,14.3,59.2,68.0,50.0,8.6,0.0,Tuesday,5
2014-05-07,32882,13.29,59.0,68.0,51.1,7.0,0.0,Wednesday,5
2014-05-08,17619,12.22,55.6,68.0,51.1,6.7,0.32,Thursday,5
2014-05-09,22641,12.29,54.9,63.0,52.0,5.5,0.09,Friday,5
2014-05-10,21832,15.36,65.4,82.0,52.0,7.1,0.02,Saturday,5
2014-05-11,28326,18.77,69.3,82.0,55.0,9.8,0.93,Sunday,5
2014-05-12,31644,14.39,73.2,82.0,62.1,4.4,0.02,Monday,5
2014-05-13,32847,13.42,65.8,82.0,59.0,7.7,0.0,Tuesday,5
2014-05-14,30044,12.95,56.5,71.1,51.1,7.1,0.0,Wednesday,5
2014-05-15,26057,12.98,60.7,75.0,51.1,8.5,0.14,Thursday,5
2014-05-16,17784,11.66,67.2,75.0,54.0,15.9,0.03,Friday,5
2014-05-17,29912,17.7,62.2,71.1,54.0,9.8,1.58,Saturday,5
2014-05-18,27436,17.06,60.4,70.0,53.1,7.6,0.0,Sunday,5
2014-05-19,31692,13.41,60.4,70.0,53.1,10.5,0.0,Monday,5
2014-05-20,35567,14.05,65.5,77.0,53.1,8.9,0.0,Tuesday,5
2014-05-21,34420,13.39,69.7,77.0,57.0,6.7,0.0,Wednesday,5
2014-05-22,24535,12.21,62.9,75.0,57.9,6.2,0.27,Thursday,5
2014-05-23,24484,12.9,60.3,68.0,57.0,6.0,0.01,Friday,5
2014-05-24,16798,15.96,60.2,68.0,57.0,6.2,1.09,Saturday,5
2014-05-25,25637,20.05,65.5,81.0,55.9,5.4,0.02,Sunday,5
2014-05-26,26930,19.53,75.2,87.1,55.9,7.2,0.0,Monday,5
2014-05-27,32936,14.42,79.5,87.1,66.0,7.6,0.0,Tuesday,5
2014-05-28,29690,12.47,61.3,86.0,54.0,11.7,0.0,Wednesday,5
2014-05-29,33889,13.32,55.6,63.0,51.1,9.8,0.0,Thursday,5
2014-05-30,34343,14.14,63.2,75.9,51.1,4.1,0.0,Friday,5
2014-05-31,27734,16.66,64.0,75.9,55.9,10.6,0.03,Saturday,5
2014-06-01,31333,18.02,65.1,77.0,57.0,6.0,0.01,Sunday,6
2014-06-02,34519,14.69,69.7,79.0,57.0,9.3,0.0,Monday,6
2014-06-03,29501,13.37,75.7,84.9,61.0,7.4,0.0,Tuesday,6
2014-06-04,36068,13.84,69.5,84.9,62.1,6.8,0.06,Wednesday,6
2014-06-05,24619,13.55,67.0,81.0,62.1,7.9,0.4,Thursday,6
2014-06-06,37719,14.53,67.8,75.9,61.0,11.3,0.3,Friday,6
2014-06-07,31204,17.87,71.5,82.0,61.0,6.4,0.0,Saturday,6
2014-06-08,30162,18.07,76.4,84.9,63.0,5.5,0.0,Sunday,6
2014-06-09,18611,12.93,68.0,84.9,62.1,7.0,0.45,Monday,6
2014-06-10,33435,13.35,66.9,75.2,63.0,6.5,0.79,Tuesday,6
2014-06-11,30548,13.42,65.6,75.0,61.0,9.5,0.04,Wednesday,6
2014-06-12,29084,12.58,63.6,75.9,59.0,9.0,0.01,Thursday,6
2014-06-13,18308,12.68,65.7,75.9,59.0,8.4,0.14,Friday,6
2014-06-14,28417,16.76,69.6,75.9,62.1,10.1,1.43,Saturday,6
2014-06-15,28382,17.32,67.6,79.0,61.0,10.0,0.0,Sunday,6
2014-06-16,34932,14.27,72.0,81.0,61.0,5.3,0.0,Monday,6
2014-06-17,35097,14.1,76.7,88.0,64.0,6.7,0.0,Tuesday,6
2014-06-18,35531,13.56,83.2,88.0,70.0,11.2,0.0,Wednesday,6
2014-06-19,31724,13.66,74.8,88.0,68.0,5.4,0.0,Thursday,6
2014-06-20,34405,16.7,73.3,80.1,66.0,8.0,0.0,Friday,6
2014-06-21,30288,17.23,70.0,75.9,62.1,8.4,0.0,Saturday,6
2014-06-22,29417,16.58,70.1,77.0,64.0,6.4,0.0,Sunday,6
2014-06-23,32580,13.95,73.2,82.0,64.0,6.2,0.0,Monday,6
2014-06-24,35897,13.74,73.5,82.0,66.9,10.8,0.0,Tuesday,6
2014-06-25,34340,13.14,75.4,84.0,69.1,10.3,0.0,Wednesday,6
2014-06-26,34846,13.57,77.5,86.0,71.1,6.3,0.07,Thursday,6
2014-06-27,35823,14.69,74.5,86.0,68.0,7.5,0.0,Friday,6
2014-06-28,28507,16.9,75.6,87.1,68.0,5.4,0.0,Saturday,6
2014-06-29,27986,17.31,74.9,87.1,69.1,7.5,0.0,Sunday,6
2014-06-30,33597,13.8,75.8,84.0,69.1,9.0,0.0,Monday,6
2014-07-01,34854,13.23,79.0,88.0,69.1,10.2,0.0,Tuesday,7
2014-07-02,26582,12.61,81.7,91.0,73.0,10.1,0.0,Wednesday,7
2014-07-03,27587,13.29,78.9,91.0,72.0,6.3,0.65,Thursday,7
2014-07-04,13612,15.49,71.1,89.1,64.9,8.5,0.71,Friday,7
2014-07-05,22913,18.27,71.8,82.9,64.9,13.7,0.16,Saturday,7
2014-07-06,23822,20.22,78.2,87.1,64.9,9.5,0.0,Sunday,7
2014-07-07,31863,14.03,81.3,91.9,69.1,11.4,0.0,Monday,7
2014-07-08,32713,13.31,83.8,93.0,72.0,10.7,0.18,Tuesday,7
2014-07-09,34426,13.33,79.5,93.0,72.0,10.2,0.0,Wednesday,7
2014-07-10,36288,13.71,76.3,88.0,70.0,5.5,0.0,Thursday,7
2014-07-11,35000,14.03,76.9,84.9,70.0,6.1,0.0,Friday,7
2014-07-12,28718,16.7,77.0,86.0,70.0,7.0,0.0,Saturday,7
2014-07-13,24869,15.26,75.3,86.0,71.1,10.1,0.0,Sunday,7
2014-07-14,25825,12.62,77.2,84.9,71.1,6.3,0.41,Monday,7
2014-07-15,22963,12.22,76.3,88.0,72.0,7.0,0.57,Tuesday,7
2014-07-16,35391,13.55,73.8,88.0,68.0,6.4,0.93,Wednesday,7
2014-07-17,38619,13.72,75.0,82.9,68.0,4.8,0.0,Thursday,7
2014-07-18,36105,14.46,74.6,82.9,68.0,6.1,0.0,Friday,7
2014-07-19,29291,16.62,73.1,82.0,68.0,6.0,0.0,Saturday,7
2014-07-20,30296,17.06,71.2,77.0,66.9,9.1,0.0,Sunday,7
2014-07-21,35670,13.68,74.0,84.0,66.9,4.4,0.0,Monday,7
2014-07-22,36886,13.63,78.1,87.1,66.9,7.3,0.0,Tuesday,7
2014-07-23,34173,13.11,80.2,89.1,72.0,9.9,0.0,Wednesday,7
2014-07-24,36693,13.74,76.8,89.1,73.0,7.9,0.12,Thursday,7
2014-07-25,36384,14.16,74.6,82.0,66.9,6.9,0.0,Friday,7
2014-07-26,27179,16.45,75.7,82.9,66.9,7.9,0.0,Saturday,7
2014-07-27,27004,16.2,77.5,88.0,71.1,8.5,0.0,Sunday,7
2014-07-28,33189,13.45,78.2,88.0,70.0,9.4,0.26,Monday,7
2014-07-29,37092,13.57,70.6,84.0,64.9,11.4,0.0,Tuesday,7
2014-07-30,37377,13.56,72.5,82.9,64.9,6.5,0.0,Wednesday,7
2014-07-31,35458,13.66,75.1,82.9,64.9,8.6,0.0,Thursday,7
2014-08-01,32654,13.53,76.7,86.0,70.0,7.3,0.0,Friday,8
2014-08-02,26784,16.54,71.1,86.0,64.9,8.7,0.34,Saturday,8
2014-08-03,25276,16.51,69.6,75.9,64.9,4.8,0.12,Sunday,8
2014-08-04,33822,13.99,75.4,84.0,66.0,5.4,0.01,Monday,8
2014-08-05,34392,13.75,79.7,89.1,71.1,4.4,0.0,Tuesday,8
2014-08-06,36336,13.64,76.9,89.1,71.1,7.1,0.0,Wednesday,8
2014-08-07,36362,13.85,75.2,84.0,66.9,8.1,0.0,Thursday,8
2014-08-08,34073,14.12,74.0,82.9,66.0,7.1,0.0,Friday,8
2014-08-09,31636,18.44,77.5,87.1,66.0,4.0,0.0,Saturday,8
2014-08-10,26749,17.21,78.9,87.1,70.0,4.8,0.0,Sunday,8
2014-08-11,33664,13.77,79.7,87.1,71.1,5.9,0.0,Monday,8
2014-08-12,26261,12.03,75.5,87.1,72.0,11.1,0.0,Tuesday,8
2014-08-13,27977,13.22,73.4,86.0,68.0,13.5,0.77,Wednesday,8
2014-08-14,35154,14.36,72.0,86.0,64.0,11.6,0.15,Thursday,8
2014-08-15,32480,13.88,69.6,79.0,63.0,9.2,0.0,Friday,8
2014-08-16,32017,18.71,71.7,79.0,63.0,7.1,0.0,Saturday,8
2014-08-17,27417,16.75,74.7,82.9,66.0,7.7,0.0,Sunday,8
2014-08-18,34339,14.09,72.6,82.9,64.0,8.8,0.01,Monday,8
2014-08-19,35367,13.93,72.5,81.0,64.0,6.9,0.0,Tuesday,8
2014-08-20,35532,14.05,75.4,84.0,64.9,6.2,0.0,Wednesday,8
2014-08-21,33804,13.84,75.0,84.0,69.1,6.3,0.07,Thursday,8
2014-08-22,30406,13.58,71.2,81.0,64.0,7.6,1.2,Friday,8
2014-08-23,26429,16.31,70.1,75.9,66.9,8.2,0.04,Saturday,8
2014-08-24,27493,17.63,72.0,80.1,64.9,6.2,0.0,Sunday,8
2014-08-25,32892,13.79,75.4,86.0,64.9,4.4,0.0,Monday,8
2014-08-26,34519,13.52,79.0,86.0,68.0,4.6,0.0,Tuesday,8
2014-08-27,33721,13.68,79.0,89.1,71.1,7.0,0.0,Wednesday,8
2014-08-28,33927,13.82,76.5,89.1,70.0,8.9,0.0,Thursday,8
2014-08-29,31264,14.23,70.3,80.1,64.0,8.0,0.0,Friday,8
2014-08-30,22689,17.23,71.7,79.0,64.0,6.7,0.0,Saturday,8
2014-08-31,18053,17.05,77.4,91.9,66.9,9.4,0.0,Sunday,8
2014-09-01,23575,19.55,80.3,91.9,73.0,5.6,0.79,Monday,9
2014-09-02,30507,13.56,84.3,93.0,75.9,6.8,0.0,Tuesday,9
2014-09-03,35535,13.65,80.2,93.0,73.0,9.6,0.0,Wednesday,9
2014-09-04,36496,14.08,78.5,86.0,71.1,6.1,0.0,Thursday,9
2014-09-05,34831,14.27,78.3,86.0,71.1,8.0,0.0,Friday,9
2014-09-06,25833,15.77,80.8,91.0,73.0,8.0,0.0,Saturday,9
2014-09-07,29721,17.49,73.1,91.0,66.0,8.2,0.21,Sunday,9
2014-09-08,34335,14.3,71.0,80.1,64.9,9.4,0.0,Monday,9
2014-09-09,34518,13.62,68.1,77.0,64.0,12.5,0.0,Tuesday,9
2014-09-10,37653,14.18,68.5,75.0,62.6,9.3,0.0,Wednesday,9
2014-09-11,37081,13.38,73.8,84.0,63.0,9.1,0.0,Thursday,9
2014-09-12,37204,15.75,70.6,84.0,63.0,9.6,0.0,Friday,9
2014-09-13,17293,15.21,65.1,71.1,60.8,10.5,0.0,Saturday,9
2014-09-14,28688,17.44,62.1,71.1,55.0,7.4,0.19,Sunday,9
2014-09-15,35045,14.66,63.6,73.0,55.0,6.5,0.0,Monday,9
2014-09-16,25633,13.02,63.9,73.0,55.0,5.6,0.01,Tuesday,9
2014-09-17,37453,13.74,65.9,73.0,57.9,4.3,0.41,Wednesday,9
2014-09-18,37381,15.11,67.6,75.0,59.0,4.6,0.0,Thursday,9
2014-09-19,34713,13.76,62.1,75.0,55.0,10.3,0.0,Friday,9
2014-09-20,30011,16.83,65.0,73.9,55.0,9.1,0.0,Saturday,9
2014-09-21,26080,16.31,70.4,77.0,57.9,3.5,0.21,Sunday,9
2014-09-22,33239,13.49,68.8,77.0,61.0,11.1,0.0,Monday,9
2014-09-23,36347,14.32,60.9,73.0,54.0,7.0,0.0,Tuesday,9
2014-09-24,35481,14.16,65.0,73.0,54.0,8.1,0.0,Wednesday,9
2014-09-25,16650,12.31,62.6,70.0,57.9,13.0,0.02,Thursday,9
2014-09-26,35116,14.92,66.4,77.0,57.9,7.0,0.15,Friday,9
2014-09-27,30193,18.08,72.6,82.9,60.1,3.6,0.0,Saturday,9
2014-09-28,29021,18.3,73.4,84.0,64.9,3.2,0.0,Sunday,9
2014-09-29,33161,15.07,72.7,84.0,64.9,4.1,0.0,Monday,9
2014-09-30,35093,15.19,69.0,73.9,64.4,6.2,0.0,Tuesday,9
2014-10-01,27942,12.34,63.3,66.2,60.8,8.4,0.04,Wednesday,10
2014-10-02,34492,14.13,63.3,68.0,60.1,9.1,0.0,Thursday,10
2014-10-03,34944,15.28,62.4,69.1,57.0,6.8,0.0,Friday,10
2014-10-04,13354,14.13,65.0,71.1,57.0,10.0,0.07,Saturday,10
2014-10-05,23456,15.74,54.2,71.1,46.9,12.2,0.98,Sunday,10
2014-10-06,31742,13.73,59.2,71.1,46.9,8.5,0.0,Monday,10
2014-10-07,32892,13.51,67.1,72.0,51.1,11.4,0.0,Tuesday,10
2014-10-08,33607,16.68,67.6,73.0,64.0,13.5,0.06,Wednesday,10
2014-10-09,32203,13.68,64.2,73.0,57.9,12.6,0.03,Thursday,10
2014-10-10,30887,14.82,60.3,69.1,54.0,6.5,0.0,Friday,10
2014-10-11,12965,14.3,56.2,62.1,51.8,6.2,0.13,Saturday,10
2014-10-12,23394,17.59,55.1,62.1,48.9,5.3,0.2,Sunday,10
2014-10-13,22752,13.44,58.8,66.0,48.9,4.4,0.0,Monday,10
2014-10-14,32614,18.75,67.6,75.9,53.1,8.5,0.03,Tuesday,10
2014-10-15,28743,13.51,71.9,78.1,64.0,12.9,0.0,Wednesday,10
2014-10-16,26754,13.59,69.8,78.1,64.9,11.0,0.72,Thursday,10
2014-10-17,34132,15.25,65.8,72.0,61.0,8.7,0.08,Friday,10
2014-10-18,24978,17.85,64.1,72.0,60.1,8.9,0.0,Saturday,10
2014-10-19,18840,14.55,54.5,70.0,48.0,14.8,0.0,Sunday,10
2014-10-20,27914,17.18,49.8,61.0,44.1,8.4,0.0,Monday,10
2014-10-21,31330,13.24,60.0,68.0,44.1,5.6,0.0,Tuesday,10
2014-10-22,9169,11.84,57.0,68.0,52.0,11.5,0.35,Wednesday,10
2014-10-23,13371,12.23,52.2,59.0,51.1,15.6,1.0,Thursday,10
2014-10-24,29837,13.54,54.7,62.1,51.1,11.2,0.23,Friday,10
2014-10-25,24952,16.56,58.7,68.0,51.1,8.3,0.0,Saturday,10
2014-10-26,20768,15.55,59.6,68.0,52.0,13.3,0.0,Sunday,10
2014-10-27,28806,14.05,57.0,64.0,51.1,11.0,0.0,Monday,10
2014-10-28,32956,12.99,60.4,72.0,51.1,6.1,0.0,Tuesday,10
2014-10-29,29999,12.75,64.2,72.0,53.1,7.1,0.0,Wednesday,10
2014-10-30,31133,13.21,54.0,72.0,50.0,8.4,0.0,Thursday,10
2014-10-31,27785,18.07,49.9,57.9,45.0,9.3,0.0,Friday,10
2014-11-01,6002,11.19,48.1,55.0,45.0,15.1,0.05,Saturday,11
2014-11-02,14100,16.12,44.6,48.0,42.1,19.4,0.17,Sunday,11
2014-11-03,26757,13.75,48.1,62.1,41.0,13.6,0.0,Monday,11
2014-11-04,31174,13.31,60.2,69.1,41.0,8.5,0.0,Tuesday,11
2014-11-05,30539,14.53,61.4,69.1,55.0,9.0,0.0,Wednesday,11
2014-11-06,12283,12.07,52.7,64.0,48.0,5.3,0.13,Thursday,11
2014-11-07,25355,12.32,49.6,59.0,45.0,12.9,0.21,Friday,11
2014-11-08,17443,14.52,42.4,52.0,37.9,11.0,0.0,Saturday,11
2014-11-09,18207,15.17,49.9,57.0,37.9,6.2,0.0,Sunday,11
2014-11-10,27655,12.95,51.8,61.0,42.1,3.4,0.0,Monday,11
2014-11-11,29358,12.82,54.9,64.0,42.1,5.0,0.0,Tuesday,11
2014-11-12,27807,12.88,58.7,66.0,46.9,5.6,0.0,Wednesday,11
2014-11-13,20652,14.0,45.7,66.0,39.9,5.3,0.0,Thursday,11
2014-11-14,21082,12.61,39.3,48.0,36.0,12.4,0.2,Friday,11
2014-11-15,14057,12.99,37.8,43.0,34.0,9.7,0.03,Saturday,11
2014-11-16,13272,13.05,39.4,44.1,34.0,5.4,0.0,Sunday,11
2014-11-17,8116,12.37,43.6,53.1,35.1,5.8,0.51,Monday,11
2014-11-18,16691,11.1,37.1,53.1,28.0,16.2,1.0,Tuesday,11
2014-11-19,16694,13.01,26.7,46.0,21.9,12.9,0.0,Wednesday,11
2014-11-20,20611,12.01,38.1,46.0,21.9,11.2,0.0,Thursday,11
2014-11-21,17806,10.81,33.1,46.0,28.0,15.8,0.0,Friday,11
2014-11-22,12682,13.61,34.3,43.0,28.0,8.8,0.0,Saturday,11
2014-11-23,15669,14.32,46.9,55.0,28.9,7.9,0.0,Sunday,11
2014-11-24,23031,12.73,57.5,64.0,44.1,10.6,0.61,Monday,11
2014-11-25,25580,14.14,60.1,66.9,48.9,9.7,0.0,Tuesday,11
2014-11-26,3675,12.76,44.0,53.1,33.8,9.8,0.0,Wednesday,11
2014-11-27,3945,11.86,36.5,51.1,34.0,11.3,1.07,Thursday,11
2014-11-28,8378,11.87,34.4,37.9,30.9,13.1,0.01,Friday,11
2014-11-29,8183,11.97,31.4,37.0,28.9,5.9,0.0,Saturday,11
2014-11-30,12384,14.76,46.5,53.1,28.9,7.7,0.0,Sunday,11
2014-12-01,18519,12.89,55.4,64.0,44.1,7.6,0.0,Monday,12
2014-12-02,15367,11.43,39.7,46.0,35.1,12.3,0.05,Tuesday,12
2014-12-03,13472,14.23,43.5,46.9,35.1,8.3,0.12,Wednesday,12
2014-12-04,21335,11.88,42.0,46.9,37.9,11.3,0.09,Thursday,12
2014-12-05,15818,12.19,38.4,46.0,34.0,9.3,0.0,Friday,12
2014-12-06,4047,13.02,44.9,48.9,34.0,4.1,0.7,Saturday,12
2014-12-07,10510,11.94,39.4,48.9,34.0,15.3,1.14,Sunday,12
2014-12-08,15557,11.21,29.8,34.0,24.8,13.7,0.03,Monday,12
2014-12-09,6713,11.4,38.7,45.0,25.0,18.1,0.45,Tuesday,12
2014-12-10,10399,11.29,38.6,45.0,32.0,14.8,2.26,Wednesday,12
2014-12-11,18141,11.96,34.2,37.0,30.2,14.9,0.02,Thursday,12
2014-12-12,17892,11.39,34.5,37.9,30.9,12.7,0.03,Friday,12
2014-12-13,12549,16.93,37.2,44.1,32.0,13.7,0.0,Saturday,12
2014-12-14,11941,13.48,40.4,45.0,35.1,11.3,0.0,Sunday,12
2014-12-15,19382,11.99,41.6,48.9,37.0,5.9,0.0,Monday,12
2014-12-16,16816,11.87,41.5,48.9,36.0,5.6,0.0,Tuesday,12
2014-12-17,20346,11.69,46.5,53.1,36.0,8.6,0.19,Wednesday,12
2014-12-18,19051,11.24,41.0,53.1,37.9,15.4,0.03,Thursday,12
2014-12-19,17200,11.37,36.8,43.0,33.1,13.5,0.0,Friday,12
2014-12-20,9582,11.22,31.9,37.9,30.0,7.8,0.0,Saturday,12
2014-12-21,8747,12.43,33.1,36.0,30.0,5.7,0.0,Sunday,12
2014-12-22,13560,12.2,37.9,43.0,32.0,7.1,0.0,Monday,12
2014-12-23,9422,11.7,44.1,46.4,42.8,9.9,0.17,Tuesday,12
2014-12-24,4285,11.68,44.5,54.0,42.8,7.8,0.08,Wednesday,12
2014-12-25,4890,18.96,52.6,63.0,43.0,12.0,0.71,Thursday,12
2014-12-26,9895,14.2,45.3,63.0,39.9,9.4,0.07,Friday,12
2014-12-27,10247,16.14,47.4,55.0,39.9,4.6,0.0,Saturday,12
2014-12-28,7902,13.04,48.1,55.0,42.1,6.8,0.0,Sunday,12
2014-12-29,13549,13.28,41.3,52.0,37.9,10.0,0.1,Monday,12
2014-12-30,12196,11.5,32.6,44.1,28.9,8.0,0.0,Tuesday,12
2014-12-31,9739,12.68,29.4,35.1,27.0,7.8,0.0,Wednesday,12
2015-01-01,5317,13.36,31.2,39.0,27.0,11.5,0.0,Thursday,1
2015-01-02,11304,12.19,38.6,42.1,27.0,12.6,0.0,Friday,1
2015-01-03,4478,10.92,35.2,42.1,30.9,8.1,0.0,Saturday,1
2015-01-04,7849,11.33,45.1,57.0,30.9,8.4,0.85,Sunday,1
2015-01-05,14506,10.63,42.5,57.0,28.9,18.2,0.13,Monday,1
2015-01-06,8739,10.58,21.2,28.9,17.6,8.7,0.0,Tuesday,1
2015-01-07,9646,9.82,21.7,25.0,15.1,14.8,0.05,Wednesday,1
2015-01-08,8779,9.93,13.2,25.0,8.1,14.6,0.0,Thursday,1
2015-01-09,7930,10.61,24.0,33.1,8.1,13.3,0.0,Friday,1
2015-01-10,6109,9.93,21.7,33.1,17.1,13.3,0.06,Saturday,1
2015-01-11,7467,10.38,24.8,37.0,17.1,8.5,0.0,Sunday,1
2015-01-12,8645,10.39,36.0,37.9,19.0,5.6,0.0,Monday,1
2015-01-13,12797,10.31,30.2,39.0,19.0,12.1,0.39,Tuesday,1
2015-01-14,13086,10.38,22.0,36.0,17.1,9.1,0.0,Wednesday,1
2015-01-15,14075,10.56,29.5,34.0,17.1,7.6,0.0,Thursday,1
2015-01-16,13843,10.42,34.0,42.1,25.0,13.0,0.0,Friday,1
2015-01-17,7491,10.95,22.3,42.1,17.1,11.8,0.0,Saturday,1
2015-01-18,1795,12.06,32.7,41.0,17.1,4.6,0.0,Sunday,1
2015-01-19,10710,11.53,39.4,43.0,28.9,12.3,1.98,Monday,1
2015-01-20,16129,10.8,37.2,42.1,34.0,9.6,0.0,Tuesday,1
2015-01-21,15234,10.45,30.5,39.9,25.0,7.0,0.0,Wednesday,1
2015-01-22,15864,10.68,34.0,39.0,25.0,5.3,0.0,Thursday,1
2015-01-23,15737,10.66,32.4,39.0,28.0,9.9,0.0,Friday,1
2015-01-24,4814,10.51,35.1,39.9,28.0,8.3,0.66,Saturday,1
2015-01-25,9379,12.02,37.6,42.1,32.0,12.8,0.07,Sunday,1
2015-01-26,4141,11.09,26.6,35.1,21.2,14.7,0.0,Monday,1
2015-01-27,1214,15.94,24.4,30.0,19.9,14.9,0.45,Tuesday,1
2015-01-28,5401,14.17,23.5,34.0,17.1,11.7,0.01,Wednesday,1
2015-01-29,8870,12.53,26.3,34.0,17.1,6.1,0.0,Thursday,1
2015-01-30,9015,10.86,33.9,37.0,21.0,10.8,0.07,Friday,1
2015-01-31,5188,10.45,20.4,37.0,12.9,21.5,0.01,Saturday,1
2015-02-01,6441,10.64,27.5,36.0,12.9,8.8,0.0,Sunday,2
2015-02-02,1459,15.35,29.6,36.0,19.9,11.2,0.84,Monday,2
2015-02-03,4754,12.79,19.3,33.1,14.0,13.4,0.26,Tuesday,2
2015-02-04,8973,11.63,30.0,39.9,14.0,5.6,0.0,Wednesday,2
2015-02-05,9208,10.39,33.2,41.0,21.0,12.1,0.0,Thursday,2
2015-02-06,8575,10.62,18.1,39.9,12.0,13.3,0.0,Friday,2
2015-02-07,6790,11.44,29.0,36.0,12.0,7.1,0.0,Saturday,2
2015-02-08,6662,11.12,33.0,36.0,26.1,8.9,0.01,Sunday,2
2015-02-09,5160,10.57,28.9,35.6,25.9,15.3,0.03,Monday,2
2015-02-10,10328,10.64,29.9,39.0,26.1,11.0,0.04,Tuesday,2
2015-02-11,11439,10.82,28.4,39.0,21.9,9.3,0.0,Wednesday,2
2015-02-12,11269,10.8,32.3,39.9,21.9,6.9,0.0,Thursday,2
2015-02-13,7642,10.38,17.6,39.9,9.0,18.2,0.0,Friday,2
2015-02-14,4614,10.43,22.9,32.0,9.0,7.1,0.0,Saturday,2
2015-02-15,2581,9.5,20.5,32.0,10.9,19.7,0.01,Sunday,2
2015-02-16,3998,9.93,10.2,26.1,3.9,15.4,0.0,Monday,2
2015-02-17,4784,10.82,19.4,28.0,3.9,6.6,0.11,Tuesday,2
2015-02-18,9170,10.8,24.2,30.9,14.0,5.0,0.02,Wednesday,2
2015-02-19,7799,9.93,22.0,30.9,15.1,14.9,0.0,Thursday,2
2015-02-20,6159,10.05,10.9,27.0,3.0,18.2,0.0,Friday,2
2015-02-21,3157,9.85,20.1,28.9,3.0,8.0,0.01,Saturday,2
2015-02-22,4274,11.95,34.1,42.1,14.0,3.7,0.71,Sunday,2
2015-02-23,7458,10.53,29.3,42.1,16.0,14.0,0.11,Monday,2
2015-02-24,7402,10.75,12.4,37.9,6.1,9.9,0.0,Tuesday,2
2015-02-25,10751,10.86,27.7,37.9,6.1,8.7,0.0,Wednesday,2
2015-02-26,9901,11.26,26.9,37.9,21.0,9.3,0.0,Thursday,2
2015-02-27,9864,11.0,23.7,32.0,19.0,7.3,0.0,Friday,2
2015-02-28,6318,10.82,22.1,30.0,15.1,7.2,0.0,Saturday,2
2015-03-01,2879,12.34,26.7,30.0,15.1,4.4,0.0,Sunday,3
2015-03-02,7283,11.29,32.2,37.9,24.1,9.0,0.48,Monday,3
2015-03-03,6533,12.7,28.4,37.9,24.1,9.8,0.0,Tuesday,3
2015-03-04,7514,11.67,38.9,46.9,24.1,8.0,0.73,Wednesday,3
2015-03-05,1637,15.43,32.9,44.1,21.2,8.6,0.46,Thursday,3
2015-03-06,5162,12.28,21.0,41.0,15.1,7.1,0.38,Friday,3
2015-03-07,5590,14.79,26.8,37.9,15.1,9.3,0.0,Saturday,3
2015-03-08,7898,13.69,40.2,48.0,35.1,8.4,0.0,Sunday,3
2015-03-09,14878,12.64,44.9,54.0,35.1,6.5,0.02,Monday,3
2015-03-10,11781,12.06,40.7,54.0,33.1,4.6,0.11,Tuesday,3
2015-03-11,19561,13.4,46.4,60.1,33.1,7.5,0.44,Wednesday,3
2015-03-12,17530,12.15,45.3,60.1,37.0,16.4,0.02,Thursday,3
2015-03-13,16145,12.06,37.1,46.9,30.9,8.4,0.0,Friday,3
2015-03-14,3906,12.15,43.6,51.8,37.4,7.1,0.21,Saturday,3
2015-03-15,8838,12.1,44.1,51.1,37.0,14.0,0.81,Sunday,3
2015-03-16,16787,11.89,40.2,51.1,36.0,9.3,0.0,Monday,3
2015-03-17,14857,11.78,47.9,54.0,36.0,10.6,0.0,Tuesday,3
2015-03-18,13842,11.33,33.7,37.9,28.9,19.6,0.01,Wednesday,3
2015-03-19,15446,12.82,33.5,42.1,28.0,10.7,0.0,Thursday,3
2015-03-20,8052,11.09,34.4,42.1,28.9,8.4,0.0,Friday,3
2015-03-21,9338,13.6,34.9,46.9,28.9,7.1,0.29,Saturday,3
2015-03-22,9676,12.48,39.9,48.0,28.9,13.8,0.01,Sunday,3
2015-03-23,13538,10.82,30.5,44.1,24.1,12.3,0.0,Monday,3
2015-03-24,16166,11.33,33.6,44.1,24.1,7.4,0.0,Tuesday,3
2015-03-25,14670,11.68,39.1,48.0,26.1,5.7,0.0,Wednesday,3
2015-03-26,14954,11.84,45.2,57.0,32.0,4.4,0.05,Thursday,3
2015-03-27,14107,11.58,44.9,57.0,37.9,7.7,0.52,Friday,3
2015-03-28,1107,12.67,37.6,46.0,33.1,10.7,0.28,Saturday,3
2015-03-29,9826,14.18,33.5,46.0,27.0,10.3,0.0,Sunday,3
2015-03-30,18075,12.11,42.2,55.0,27.0,10.8,0.0,Monday,3
2015-03-31,14250,12.69,42.8,55.0,34.0,9.6,0.0,Tuesday,3
2015-04-01,20146,13.22,39.8,51.1,34.0,8.5,0.14,Wednesday,4
2015-04-02,24227,20.77,49.9,63.0,34.0,8.4,0.0,Thursday,4
2015-04-03,14774,13.7,59.2,63.0,39.0,9.5,0.0,Friday,4
2015-04-04,14355,15.03,52.0,63.0,46.9,14.3,0.04,Saturday,4
2015-04-05,13799,18.11,50.1,62.1,43.0,11.2,0.0,Sunday,4
2015-04-06,23391,15.09,46.7,62.1,39.0,7.8,0.0,Monday,4
2015-04-07,16262,11.67,50.6,60.1,39.0,7.7,0.01,Tuesday,4
2015-04-08,17872,13.85,43.0,57.0,39.9,12.3,0.16,Wednesday,4
2015-04-09,16546,11.79,39.3,46.0,37.0,12.4,0.0,Thursday,4
2015-04-10,16317,12.31,43.0,57.2,39.2,6.9,0.25,Friday,4
2015-04-11,18643,16.44,55.3,57.2,51.1,14.7,0.24,Saturday,4
2015-04-12,19954,19.1,51.3,64.9,44.1,7.6,0.0,Sunday,4
2015-04-13,24925,15.16,55.6,64.9,44.1,8.0,0.0,Monday,4
2015-04-14,22703,12.63,59.3,64.9,46.9,7.0,0.0,Tuesday,4
2015-04-15,27594,16.24,59.1,70.0,51.1,7.4,0.0,Wednesday,4
2015-04-16,27180,13.47,56.5,70.0,46.9,7.4,0.0,Thursday,4
2015-04-17,24175,15.09,59.7,71.1,46.9,9.0,0.08,Friday,4
2015-04-18,28174,22.17,66.0,79.0,54.0,5.7,0.0,Saturday,4
2015-04-19,21475,18.13,57.6,79.0,50.0,8.8,0.0,Sunday,4
2015-04-20,11202,11.98,50.6,61.0,45.0,13.2,0.0,Monday,4
2015-04-21,24868,16.3,57.4,66.9,45.0,9.0,0.95,Tuesday,4
2015-04-22,21997,12.9,58.8,66.9,50.0,8.9,0.07,Wednesday,4
2015-04-23,22074,14.4,47.4,66.9,42.1,13.5,0.1,Thursday,4
2015-04-24,20981,14.68,43.4,50.0,39.0,16.1,0.0,Friday,4
2015-04-25,21082,18.38,46.1,60.1,39.0,11.8,0.0,Saturday,4
2015-04-26,21594,19.0,52.0,61.0,39.0,5.2,0.0,Sunday,4
2015-04-27,25501,13.12,53.8,61.0,45.0,9.9,0.0,Monday,4
2015-04-28,29795,14.79,57.2,72.0,48.9,11.5,0.0,Tuesday,4
2015-04-29,31532,14.74,64.2,75.9,51.1,8.8,0.0,Wednesday,4
2015-04-30,29252,15.55,52.4,75.9,46.9,13.1,0.0,Thursday,4
2015-05-01,27924,14.36,52.6,64.0,46.9,7.6,0.0,Friday,5
2015-05-02,25743,19.35,53.9,69.1,48.0,4.7,0.0,Saturday,5
2015-05-03,27694,20.46,59.5,75.9,48.0,6.4,0.0,Sunday,5
2015-05-04,32066,16.65,66.5,82.0,51.1,7.1,0.0,Monday,5
2015-05-05,33012,16.95,72.7,82.0,54.0,7.5,0.0,Tuesday,5
2015-05-06,30313,14.55,65.3,81.0,59.0,6.4,0.0,Wednesday,5
2015-05-07,34871,15.37,64.6,75.9,52.0,5.2,0.0,Thursday,5
2015-05-08,34304,16.28,64.2,79.0,52.0,6.3,0.0,Friday,5
2015-05-09,24329,19.64,58.0,79.0,53.1,8.4,0.0,Saturday,5
2015-05-10,26573,20.35,66.3,82.0,53.1,6.0,0.01,Sunday,5
2015-05-11,32382,16.48,74.4,82.9,57.0,9.4,0.0,Monday,5
2015-05-12,35225,15.16,74.9,87.1,64.0,9.1,0.0,Tuesday,5
2015-05-13,33402,15.45,65.1,87.1,57.9,15.3,0.0,Wednesday,5
2015-05-14,40826,16.91,59.7,72.0,52.0,8.5,0.0,Thursday,5
2015-05-15,34945,16.0,63.2,73.9,52.0,7.6,0.0,Friday,5
2015-05-16,23882,18.77,65.2,75.0,55.9,6.5,0.01,Saturday,5
2015-05-17,30969,19.89,70.4,82.9,57.0,3.2,0.28,Sunday,5
2015-05-18,31559,16.21,63.6,75.9,55.4,7.5,0.02,Monday,5
2015-05-19,33895,14.04,61.6,82.0,55.0,6.2,0.01,Tuesday,5
2015-05-20,33823,13.87,62.0,82.0,55.0,13.2,0.0,Wednesday,5
2015-05-21,31214,13.77,57.1,66.0,53.1,7.0,0.0,Thursday,5
2015-05-22,31891,15.43,61.8,75.0,53.1,9.9,0.0,Friday,5
2015-05-23,23910,20.41,59.3,75.0,50.0,11.5,0.0,Saturday,5
2015-05-24,25151,21.74,65.7,81.0,50.0,8.7,0.0,Sunday,5
2015-05-25,28164,20.07,72.5,82.9,55.9,8.8,0.0,Monday,5
2015-05-26,35786,15.2,75.2,86.0,64.9,10.3,0.0,Tuesday,5
2015-05-27,33710,13.71,73.5,86.0,66.9,9.9,0.0,Wednesday,5
2015-05-28,35934,13.98,73.4,84.0,66.9,7.0,0.02,Thursday,5
2015-05-29,37756,15.6,73.0,84.0,64.0,7.2,0.0,Friday,5
2015-05-30,31147,18.94,73.1,82.9,64.0,9.8,0.0,Saturday,5
2015-05-31,19586,18.39,74.6,86.0,66.0,9.6,0.0,Sunday,5
2015-06-01,15283,10.94,57.4,86.0,54.0,13.8,1.69,Monday,6
2015-06-02,11984,11.23,52.0,57.9,50.0,10.2,0.47,Tuesday,6
2015-06-03,34590,13.8,58.2,69.1,50.0,7.3,0.24,Wednesday,6
2015-06-04,32772,13.39,58.1,69.1,53.1,9.4,0.0,Thursday,6
2015-06-05,31294,13.49,59.5,68.0,54.0,6.5,0.0,Friday,6
2015-06-06,26334,18.09,65.7,73.9,55.9,7.3,0.55,Saturday,6
2015-06-07,30773,19.35,65.3,73.9,57.0,7.6,0.0,Sunday,6
2015-06-08,33585,14.49,67.5,77.0,57.0,11.6,0.0,Monday,6
2015-06-09,35412,13.75,73.3,84.9,62.1,10.1,0.05,Tuesday,6
2015-06-10,39350,15.83,74.2,84.9,66.0,8.2,0.01,Wednesday,6
2015-06-11,37400,14.35,80.2,91.9,66.0,8.8,0.0,Thursday,6
2015-06-12,35136,14.6,80.7,91.9,71.1,7.7,0.0,Friday,6
2015-06-13,29980,19.43,80.5,88.0,71.1,10.1,0.0,Saturday,6
2015-06-14,28184,18.83,77.0,87.1,68.0,6.3,0.0,Sunday,6
2015-06-15,25087,13.0,70.3,79.0,62.6,9.0,0.79,Monday,6
2015-06-16,32147,13.38,68.1,79.0,62.6,7.1,0.02,Tuesday,6
2015-06-17,38030,14.45,73.9,79.0,64.0,8.3,0.34,Wednesday,6
2015-06-18,35464,13.13,66.8,69.8,64.4,7.5,0.0,Thursday,6
2015-06-19,37380,14.67,73.2,84.9,64.9,6.0,0.0,Friday,6
2015-06-20,23580,16.73,69.5,84.9,64.0,8.3,0.0,Saturday,6
2015-06-21,25926,18.06,75.0,90.0,64.0,9.4,0.25,Sunday,6
2015-06-22,37677,15.12,79.6,90.0,69.1,10.1,0.29,Monday,6
2015-06-23,32294,13.69,84.4,91.9,72.0,10.3,0.0,Tuesday,6
2015-06-24,41070,15.16,77.1,91.9,69.1,10.1,0.07,Wednesday,6
2015-06-25,39673,14.26,76.8,84.9,69.1,6.0,0.0,Thursday,6
2015-06-26,38614,15.52,74.8,84.9,69.1,7.7,0.0,Friday,6
2015-06-27,15485,15.9,69.0,80.1,62.1,8.5,0.0,Saturday,6
2015-06-28,20591,17.47,64.2,73.9,60.1,12.4,1.32,Sunday,6
2015-06-29,38037,15.26,71.3,78.1,62.1,10.1,0.26,Monday,6
2015-06-30,38087,14.46,75.3,82.0,64.0,9.5,0.0,Tuesday,6
2015-07-01,37539,14.63,76.4,84.9,70.0,9.7,0.35,Wednesday,7
2015-07-02,35559,17.68,75.7,84.9,70.0,6.4,0.0,Thursday,7
2015-07-03,26928,18.45,73.5,81.0,66.9,4.8,0.0,Friday,7
2015-07-04,21706,22.56,71.8,81.0,66.9,6.9,0.0,Saturday,7
2015-07-05,25920,19.97,75.1,84.9,69.1,4.6,0.0,Sunday,7
2015-07-06,35251,15.05,77.1,84.9,70.0,6.2,0.0,Monday,7
2015-07-07,36837,14.44,79.5,88.0,71.1,9.2,0.0,Tuesday,7
2015-07-08,35047,14.53,82.0,89.1,75.0,7.7,0.0,Wednesday,7
2015-07-09,31978,15.27,73.8,89.1,68.0,6.4,0.09,Thursday,7
2015-07-10,38559,15.95,75.8,84.0,68.0,9.4,0.29,Friday,7
2015-07-11,31719,18.82,78.6,86.0,72.0,3.8,0.0,Saturday,7
2015-07-12,31037,20.15,81.1,89.1,72.0,4.9,0.0,Sunday,7
2015-07-13,38485,15.63,80.4,89.1,73.0,6.9,0.0,Monday,7
2015-07-14,35802,14.04,76.1,84.9,71.1,6.8,0.0,Tuesday,7
2015-07-15,34979,14.37,75.9,81.0,71.1,6.5,0.95,Wednesday,7
2015-07-16,42356,16.97,72.1,81.0,64.0,8.7,0.01,Thursday,7
2015-07-17,39595,16.06,73.5,80.1,64.0,9.0,0.0,Friday,7
2015-07-18,28870,18.42,76.3,86.0,68.0,9.5,0.0,Saturday,7
2015-07-19,28531,19.22,84.3,93.9,72.0,5.9,0.18,Sunday,7
2015-07-20,34889,15.0,89.1,95.0,78.1,7.1,0.0,Monday,7
2015-07-21,38499,14.46,86.0,95.0,80.1,6.3,0.0,Tuesday,7
2015-07-22,42557,15.67,77.1,91.9,71.1,11.8,0.0,Wednesday,7
2015-07-23,42175,14.83,77.1,86.0,71.1,9.2,0.0,Thursday,7
2015-07-24,40330,15.1,78.2,84.9,71.1,5.4,0.0,Friday,7
2015-07-25,31639,20.2,78.1,84.9,71.1,6.3,0.0,Saturday,7
2015-07-26,30543,18.38,79.8,89.1,71.1,9.6,0.0,Sunday,7
2015-07-27,38747,15.52,79.9,89.1,75.0,8.6,0.05,Monday,7
2015-07-28,40434,14.02,82.8,93.9,75.9,5.0,0.0,Tuesday,7
2015-07-29,39428,13.74,86.3,95.0,75.9,5.8,0.0,Wednesday,7
2015-07-30,31166,13.44,82.1,95.0,75.0,8.8,0.0,Thursday,7
2015-07-31,38571,14.98,81.1,91.0,73.9,6.8,1.62,Friday,7
2015-08-01,35179,19.97,83.7,91.0,73.9,7.8,0.0,Saturday,8
2015-08-02,31622,19.15,81.0,90.0,73.0,6.5,0.0,Sunday,8
2015-08-03,38888,14.87,82.5,91.9,73.0,9.1,0.0,Monday,8
2015-08-04,40783,14.25,83.1,91.0,69.8,9.7,0.3,Tuesday,8
2015-08-05,41075,14.35,80.5,91.0,70.0,6.3,0.0,Wednesday,8
2015-08-06,42283,14.35,76.3,88.0,64.9,6.7,0.0,Thursday,8
2015-08-07,40999,15.61,75.8,82.0,69.1,8.3,0.0,Friday,8
2015-08-08,38723,21.16,74.7,82.0,69.1,6.0,0.0,Saturday,8
2015-08-09,32716,24.25,75.7,87.1,69.1,6.8,0.0,Sunday,8
2015-08-10,39870,20.88,74.5,84.0,70.0,8.5,0.0,Monday,8
2015-08-11,25066,21.17,75.1,82.4,71.1,10.9,0.67,Tuesday,8
2015-08-12,42994,18.28,77.3,84.9,71.1,9.4,0.51,Wednesday,8
2015-08-13,42170,17.92,75.7,84.9,69.1,7.6,0.0,Thursday,8
2015-08-14,39983,16.07,78.9,88.0,69.1,5.2,0.0,Friday,8
2015-08-15,37821,21.43,81.4,91.9,71.1,6.5,0.0,Saturday,8
2015-08-16,30344,19.53,82.8,91.9,73.9,4.9,0.0,Sunday,8
2015-08-17,37449,14.14,84.7,93.0,77.0,4.8,0.0,Monday,8
2015-08-18,39916,14.11,83.4,93.0,77.0,8.5,0.0,Tuesday,8
2015-08-19,40726,15.05,80.2,89.1,75.9,9.6,0.0,Wednesday,8
2015-08-20,39280,14.21,81.0,87.1,75.9,11.0,0.0,Thursday,8
2015-08-21,38038,14.39,78.7,87.1,71.1,9.1,0.32,Friday,8
2015-08-22,34277,19.97,76.6,86.0,70.0,6.8,0.0,Saturday,8
2015-08-23,33071,18.22,75.8,84.0,70.0,5.9,0.0,Sunday,8
2015-08-24,38943,14.51,78.5,86.0,71.1,5.5,0.0,Monday,8
2015-08-25,41655,16.29,80.6,88.0,73.0,8.3,0.0,Tuesday,8
2015-08-26,42832,14.3,76.9,88.0,69.1,9.3,0.0,Wednesday,8
2015-08-27,43173,14.39,74.2,82.9,68.0,9.0,0.0,Thursday,8
2015-08-28,41755,15.33,73.1,82.9,66.0,5.3,0.0,Friday,8
2015-08-29,34381,21.11,76.8,84.9,66.0,5.3,0.0,Saturday,8
2015-08-30,32913,18.78,79.1,90.0,70.0,7.4,0.0,Sunday,8
2015-08-31,40119,14.15,82.7,91.9,72.0,7.5,0.08,Monday,8
2015-09-01,43291,14.22,82.6,91.9,75.9,6.3,0.0,Tuesday,9
2015-09-02,43225,15.43,80.2,88.0,75.0,5.6,0.0,Wednesday,9
2015-09-03,42879,13.92,82.6,93.0,75.0,4.9,0.0,Thursday,9
2015-09-04,39956,15.87,80.3,93.0,75.0,8.6,0.0,Friday,9
2015-09-05,34005,20.37,72.9,84.0,66.9,8.7,0.0,Saturday,9
2015-09-06,33199,20.81,73.9,84.0,66.9,5.1,0.0,Sunday,9
2015-09-07,33682,19.94,77.8,90.0,66.9,7.9,0.0,Monday,9
2015-09-08,42766,15.74,83.3,95.0,71.1,7.8,0.0,Tuesday,9
2015-09-09,44005,13.64,81.1,88.0,75.2,10.4,0.0,Wednesday,9
2015-09-10,22253,12.54,75.3,89.1,72.0,8.5,0.66,Thursday,9
2015-09-11,47613,15.51,72.4,81.0,66.0,8.8,0.52,Friday,9
2015-09-12,33661,19.28,74.6,81.0,66.0,7.2,0.0,Saturday,9
2015-09-13,34794,20.11,72.6,79.0,68.0,8.8,0.22,Sunday,9
2015-09-14,44668,16.59,66.6,79.0,59.0,12.8,0.05,Monday,9
2015-09-15,48729,17.1,73.2,84.0,59.0,6.2,0.0,Tuesday,9
2015-09-16,51179,16.26,76.8,87.1,64.9,2.7,0.0,Wednesday,9
2015-09-17,50705,17.22,78.0,87.1,68.0,4.1,0.0,Thursday,9
2015-09-18,50285,17.84,76.9,87.1,70.0,5.0,0.0,Friday,9
2015-09-19,43011,23.09,73.9,84.9,69.1,7.7,0.0,Saturday,9
2015-09-20,40462,22.25,73.3,80.1,69.1,10.8,0.0,Sunday,9
2015-09-21,47180,16.6,65.4,75.9,59.0,11.0,0.0,Monday,9
2015-09-22,48685,16.31,66.3,73.0,59.0,10.8,0.0,Tuesday,9
2015-09-23,48366,17.72,67.6,79.0,59.0,6.3,0.0,Wednesday,9
2015-09-24,52706,17.99,69.9,81.0,59.0,6.4,0.0,Thursday,9
2015-09-25,51368,18.58,68.5,81.0,63.0,9.7,0.0,Friday,9
2015-09-26,42560,21.35,65.9,70.0,60.8,9.5,0.0,Saturday,9
2015-09-27,38285,20.84,62.2,70.0,55.9,9.1,0.0,Sunday,9
2015-09-28,48011,17.79,68.5,79.0,55.9,6.3,0.0,Monday,9
2015-09-29,48725,17.2,74.7,82.9,64.9,5.5,0.0,Tuesday,9
2015-09-30,39445,14.55,73.2,82.9,66.0,10.6,1.05,Wednesday,9
2015-10-01,34719,18.45,59.4,78.1,54.0,13.6,0.06,Thursday,10
2015-10-02,9444,18.7,53.9,57.9,50.0,16.3,0.13,Friday,10
2015-10-03,16564,20.16,51.6,55.0,48.2,21.6,1.45,Saturday,10
2015-10-04,30214,20.88,57.1,63.0,48.9,18.2,0.02,Sunday,10
2015-10-05,44581,18.54,57.2,64.9,51.8,11.5,0.0,Monday,10
2015-10-06,49719,17.55,62.4,73.0,52.0,5.0,0.0,Tuesday,10
2015-10-07,50141,16.42,64.6,73.0,55.0,5.5,0.0,Wednesday,10
2015-10-08,50179,18.03,64.2,73.0,59.0,5.9,0.0,Thursday,10
2015-10-09,37283,21.96,66.9,78.1,60.1,7.7,0.0,Friday,10
2015-10-10,39345,23.58,60.0,78.1,52.0,8.1,0.5,Saturday,10
2015-10-11,38967,25.43,59.7,70.0,52.0,6.2,0.0,Sunday,10
2015-10-12,45584,18.56,64.5,75.9,53.1,6.4,0.0,Monday,10
2015-10-13,49047,16.98,66.1,75.9,55.9,6.8,0.0,Tuesday,10
2015-10-14,49998,15.81,64.5,73.0,59.0,9.2,0.0,Wednesday,10
2015-10-15,48783,17.14,58.5,68.0,52.0,9.1,0.0,Thursday,10
2015-10-16,46484,17.56,59.0,64.0,52.0,10.0,0.0,Friday,10
2015-10-17,31809,20.51,52.9,64.0,48.0,11.6,0.0,Saturday,10
2015-10-18,23978,16.76,44.4,55.0,39.0,11.4,0.0,Sunday,10
2015-10-19,36570,16.25,43.5,53.1,37.0,8.1,0.0,Monday,10
2015-10-20,45376,16.73,56.0,71.1,37.0,10.5,0.0,Tuesday,10
2015-10-21,49121,16.54,65.5,75.9,48.9,5.9,0.0,Wednesday,10
2015-10-22,49604,17.31,65.0,75.9,57.0,7.2,0.0,Thursday,10
2015-10-23,44679,17.51,60.0,75.9,52.0,11.0,0.0,Friday,10
2015-10-24,31713,19.28,48.3,64.9,41.0,7.7,0.0,Saturday,10
2015-10-25,29289,19.48,59.3,68.0,41.0,9.1,0.01,Sunday,10
2015-10-26,42165,15.21,53.0,68.0,48.0,8.4,0.02,Monday,10
2015-10-27,44553,14.86,52.2,59.0,46.0,6.0,0.0,Tuesday,10
2015-10-28,20736,14.43,56.9,70.0,46.0,12.7,0.0,Wednesday,10
2015-10-29,45358,16.45,67.6,73.9,51.1,13.5,1.26,Thursday,10
2015-10-30,44518,15.94,56.8,73.9,51.1,13.4,0.01,Friday,10
2015-10-31,31756,20.49,49.0,60.1,43.0,7.8,0.0,Saturday,10
2015-11-01,30622,20.2,57.3,64.9,43.0,7.1,0.0,Sunday,11
2015-11-02,44534,16.64,60.2,64.9,53.1,4.9,0.0,Monday,11
2015-11-03,49326,18.02,61.3,73.0,51.1,2.5,0.0,Tuesday,11
2015-11-04,49487,16.94,61.5,73.0,51.1,3.6,0.0,Wednesday,11
2015-11-05,43006,15.29,62.0,71.1,55.0,3.3,0.0,Thursday,11
2015-11-06,47162,17.1,68.3,75.0,57.0,7.5,0.0,Friday,11
2015-11-07,35586,21.32,65.9,75.0,57.0,9.2,0.0,Saturday,11
2015-11-08,32317,19.79,53.5,72.0,48.0,9.9,0.0,Sunday,11
2015-11-09,42262,15.84,53.0,60.1,46.0,2.9,0.0,Monday,11
2015-11-10,21585,13.02,56.0,60.1,46.0,9.6,0.0,Tuesday,11
2015-11-11,37705,14.94,53.2,59.0,50.0,12.7,0.5,Wednesday,11
2015-11-12,37319,13.34,55.2,60.1,50.0,8.0,0.23,Thursday,11
2015-11-13,38970,14.54,56.8,60.1,51.1,16.1,0.01,Friday,11
2015-11-14,25299,17.23,47.8,59.0,45.0,16.2,0.0,Saturday,11
2015-11-15,25990,18.14,47.4,59.0,42.1,8.5,0.0,Sunday,11
2015-11-16,40916,15.26,58.8,68.0,42.1,5.7,0.0,Monday,11
2015-11-17,38939,14.37,49.1,68.0,41.0,10.7,0.0,Tuesday,11
2015-11-18,41485,13.99,50.5,59.0,41.0,7.3,0.0,Wednesday,11
2015-11-19,21890,14.64,59.7,64.0,45.0,11.7,0.0,Thursday,11
2015-11-20,38205,16.31,58.9,64.4,53.1,12.5,1.16,Friday,11
2015-11-21,28038,16.87,47.2,64.0,43.0,8.7,0.0,Saturday,11
2015-11-22,23343,16.72,52.1,55.9,43.0,7.9,0.0,Sunday,11
2015-11-23,30136,13.28,41.8,55.9,36.0,13.2,0.0,Monday,11
2015-11-24,32218,13.3,39.2,46.9,33.1,7.2,0.0,Tuesday,11
2015-11-25,30295,15.1,44.0,48.9,33.1,6.5,0.0,Wednesday,11
2015-11-26,13291,23.75,48.1,60.1,39.9,3.9,0.0,Thursday,11
2015-11-27,22824,18.53,55.6,64.9,41.0,5.0,0.0,Friday,11
2015-11-28,15830,18.0,57.2,64.9,46.9,6.8,0.0,Saturday,11
2015-11-29,18452,15.97,43.0,46.9,37.9,8.7,0.03,Sunday,11
2015-11-30,30213,12.73,39.8,46.0,33.8,10.5,0.0,Monday,11
2015-12-01,18399,12.88,47.1,53.6,44.1,9.6,0.13,Tuesday,12
2015-12-02,23782,13.51,48.1,55.4,46.0,5.1,0.24,Wednesday,12
2015-12-03,33917,13.15,51.4,57.2,46.9,11.5,0.1,Thursday,12
2015-12-04,34737,14.55,46.9,55.9,44.1,10.5,0.0,Friday,12
2015-12-05,26358,21.23,47.1,52.0,43.0,4.1,0.0,Saturday,12
2015-12-06,24943,19.68,47.1,53.1,39.9,3.6,0.0,Sunday,12
2015-12-07,34139,14.11,48.8,55.0,39.9,4.5,0.0,Monday,12
2015-12-08,35614,13.69,45.3,55.0,41.0,6.5,0.0,Tuesday,12
2015-12-09,35306,14.53,45.7,53.1,39.0,4.2,0.0,Wednesday,12
2015-12-10,39099,14.73,55.0,61.0,39.0,6.0,0.0,Thursday,12
2015-12-11,39060,15.88,54.3,61.0,48.9,5.4,0.0,Friday,12
2015-12-12,31957,20.0,59.0,66.0,48.9,3.6,0.0,Saturday,12
2015-12-13,32001,19.66,57.1,66.0,53.1,3.3,0.0,Sunday,12
2015-12-14,32518,13.53,53.7,62.1,51.1,5.6,0.0,Monday,12
2015-12-15,38661,13.75,60.7,64.4,55.0,12.4,0.39,Tuesday,12
2015-12-16,35643,13.29,50.0,64.0,45.0,10.8,0.11,Wednesday,12
2015-12-17,21961,14.38,53.4,59.0,48.0,6.5,0.05,Thursday,12
2015-12-18,30704,14.7,51.1,59.0,43.0,9.6,0.88,Friday,12
2015-12-19,17778,14.95,39.2,57.0,36.0,15.5,0.01,Saturday,12
2015-12-20,17030,16.17,39.8,44.1,36.0,12.0,0.0,Sunday,12
2015-12-21,29800,12.92,45.6,55.0,36.0,8.0,0.0,Monday,12
2015-12-22,22941,13.47,56.8,62.6,55.0,6.4,0.0,Tuesday,12
2015-12-23,14817,13.38,54.2,62.1,50.0,6.1,0.18,Wednesday,12
2015-12-24,18447,18.84,64.0,72.0,50.0,9.2,1.46,Thursday,12
2015-12-25,12333,34.91,60.3,72.0,54.0,2.3,0.01,Friday,12
2015-12-26,13914,23.21,54.5,64.0,50.0,7.7,0.03,Saturday,12
2015-12-27,13177,21.12,52.4,62.6,46.0,6.8,0.14,Sunday,12
2015-12-28,18889,14.82,44.8,62.1,39.0,11.7,0.02,Monday,12
2015-12-29,13347,12.11,40.2,46.9,33.8,12.7,0.37,Tuesday,12
2015-12-30,22477,15.92,41.8,48.0,34.0,4.8,0.13,Wednesday,12
2015-12-31,20376,16.82,47.0,48.2,46.0,5.7,0.17,Thursday,12
2016-01-01,11009,20.22,41.9,50.0,39.0,11.8,0.03,Friday,1
2016-01-02,14587,17.12,37.3,43.0,34.0,11.9,0.0,Saturday,1
2016-01-03,15499,15.74,40.0,46.9,34.0,9.9,0.0,Sunday,1
2016-01-04,19593,12.86,33.7,46.9,21.0,13.9,0.0,Monday,1
2016-01-05,18053,11.37,19.5,37.9,12.9,13.8,0.0,Tuesday,1
2016-01-06,24569,13.93,32.2,43.0,12.9,4.2,0.0,Wednesday,1
2016-01-07,27773,12.9,39.0,48.0,26.1,3.7,0.0,Thursday,1
2016-01-08,28709,14.04,40.3,48.0,32.0,7.0,0.0,Friday,1
2016-01-09,20846,14.84,43.7,48.0,34.0,10.8,0.0,Saturday,1
2016-01-10,14275,15.18,50.9,59.0,41.0,12.7,0.63,Sunday,1
2016-01-11,22937,11.94,37.8,59.0,30.9,16.0,0.79,Monday,1
2016-01-12,25211,12.2,32.9,45.0,26.1,9.0,0.0,Tuesday,1
2016-01-13,21133,13.28,29.3,45.0,24.1,16.9,0.0,Wednesday,1
2016-01-14,23780,13.02,28.7,39.0,24.1,11.0,0.0,Thursday,1
2016-01-15,28435,14.49,40.2,52.0,24.1,4.8,0.0,Friday,1
2016-01-16,19178,16.92,46.3,52.0,34.0,9.6,0.24,Saturday,1
2016-01-17,12024,16.35,38.9,46.9,30.2,9.5,0.02,Sunday,1
2016-01-18,12718,12.47,29.0,44.1,24.1,15.0,0.05,Monday,1
2016-01-19,17281,11.17,22.8,33.1,18.0,19.0,0.0,Tuesday,1
2016-01-20,23420,12.55,32.1,37.9,18.0,13.0,0.0,Wednesday,1
2016-01-21,23672,13.7,32.6,37.9,28.0,10.8,0.0,Thursday,1
2016-01-22,20950,14.86,27.3,37.9,21.9,10.5,0.0,Friday,1
2016-01-27,6761,17.99,44.4,48.9,35.1,10.3,0.01,Wednesday,1
2016-01-28,11946,16.82,37.9,48.0,28.9,5.4,0.0,Thursday,1
2016-01-29,16028,14.06,39.8,44.1,28.9,8.0,0.0,Friday,1
2016-01-30,12973,15.29,34.0,42.1,30.0,10.4,0.0,Saturday,1
2016-01-31,16118,16.04,42.4,55.9,30.0,6.8,0.0,Sunday,1
2016-02-01,24334,13.25,50.5,59.0,37.0,6.5,0.0,Monday,2
2016-02-02,28528,14.37,45.5,59.0,37.9,5.0,0.0,Tuesday,2
2016-02-03,16203,11.66,48.1,57.0,37.9,9.0,0.0,Wednesday,2
2016-02-04,27766,15.73,54.0,57.9,42.1,8.2,0.69,Thursday,2
2016-02-05,13670,13.92,39.4,57.9,32.0,13.7,0.31,Friday,2
2016-02-06,16933,16.37,36.0,44.1,32.0,9.3,0.05,Saturday,2
2016-02-07,17605,15.89,39.6,46.0,32.0,5.0,0.0,Sunday,2
2016-02-08,19026,12.81,36.7,39.9,30.2,13.5,0.0,Monday,2
2016-02-09,22741,13.11,30.2,41.0,27.0,8.3,0.06,Tuesday,2
2016-02-10,22420,13.48,35.4,39.9,27.0,7.6,0.01,Wednesday,2
2016-02-11,18748,13.52,28.1,39.9,23.0,17.3,99.99,Thursday,2
2016-02-12,16449,15.26,21.7,32.0,17.1,12.3,0.05,Friday,2
2016-02-13,6625,13.9,21.6,27.0,10.9,17.0,0.0,Saturday,2
2016-02-14,4653,15.78,8.3,24.1,1.0,15.8,0.0,Sunday,2
2016-02-15,5884,11.87,19.1,30.9,1.0,6.2,0.0,Monday,2
2016-02-16,14542,12.41,46.1,57.2,30.9,13.4,0.49,Tuesday,2
2016-02-17,23572,12.86,39.9,57.0,35.1,12.6,0.8,Wednesday,2
2016-02-18,22261,14.31,33.9,41.0,28.9,12.8,0.0,Thursday,2
2016-02-19,21959,13.21,30.2,37.4,25.0,7.6,0.0,Friday,2
2016-02-20,24484,20.46,47.4,62.1,25.0,10.1,0.0,Saturday,2
2016-02-21,20052,19.64,53.1,62.1,39.9,8.4,0.0,Sunday,2
2016-02-22,28233,14.05,46.0,57.0,39.0,6.1,0.05,Monday,2
2016-02-23,16133,12.88,38.8,53.1,36.0,13.0,0.0,Tuesday,2
2016-02-24,9761,11.92,39.8,55.4,35.6,14.0,0.3,Wednesday,2
2016-02-25,25102,12.41,52.7,61.0,36.0,17.1,1.48,Thursday,2
2016-02-26,22573,12.97,36.6,41.0,33.1,17.7,0.02,Friday,2
2016-02-27,17226,16.95,32.6,42.1,28.0,11.5,0.0,Saturday,2
2016-02-28,25437,20.96,46.3,61.0,28.0,10.1,0.0,Sunday,2
2016-02-29,27954,13.31,51.2,61.0,39.0,9.4,0.0,Monday,2
2016-03-01,30509,15.12,46.6,61.0,39.9,11.4,0.07,Tuesday,3
2016-03-02,26195,13.53,46.5,55.9,36.0,15.1,0.17,Wednesday,3
2016-03-03,24061,13.29,31.5,36.0,27.0,11.9,0.0,Thursday,3
2016-03-04,17369,12.66,33.7,42.1,27.0,10.0,0.04,Friday,3
2016-03-05,18023,16.75,34.8,42.1,30.0,9.4,0.04,Saturday,3
2016-03-06,18832,16.35,37.8,46.9,30.0,4.5,0.0,Sunday,3
2016-03-07,31492,16.2,45.1,61.0,33.1,9.3,0.0,Monday,3
2016-03-08,36521,15.03,53.9,64.0,37.0,5.8,0.0,Tuesday,3
2016-03-09,41490,18.33,54.0,75.0,41.0,5.3,0.0,Wednesday,3
2016-03-10,42252,17.65,70.0,78.1,64.0,6.7,0.0,Thursday,3
2016-03-11,38195,18.28,61.2,78.1,54.0,9.7,0.04,Friday,3
2016-03-12,32771,22.66,49.6,66.0,41.0,7.2,0.0,Saturday,3
2016-03-13,27550,22.45,56.7,64.0,41.0,5.6,0.0,Sunday,3
2016-03-14,10930,12.24,47.6,64.0,41.0,12.0,0.02,Monday,3
2016-03-15,31596,15.49,48.0,57.0,41.0,12.8,0.17,Tuesday,3
2016-03-16,36067,16.43,53.5,64.9,44.1,3.2,0.0,Wednesday,3
2016-03-17,35390,16.21,52.2,64.9,45.0,7.6,0.02,Thursday,3
2016-03-18,34647,15.46,53.0,64.0,45.0,13.3,0.04,Friday,3
2016-03-19,24048,18.36,43.5,57.0,37.0,7.0,0.0,Saturday,3
2016-03-20,16678,19.04,38.9,46.9,33.1,12.7,0.0,Sunday,3
2016-03-21,26414,13.61,39.6,50.0,33.1,10.4,0.14,Monday,3
2016-03-22,33497,15.57,43.8,55.0,37.0,13.6,0.07,Tuesday,3
2016-03-23,40983,17.21,57.4,71.1,50.0,9.1,0.0,Wednesday,3
2016-03-24,36495,15.04,50.1,71.1,44.1,11.2,0.0,Thursday,3
2016-03-25,34097,19.25,55.9,73.0,44.1,7.9,0.0,Friday,3
2016-03-26,27478,25.45,47.0,73.0,39.0,10.5,0.07,Saturday,3
2016-03-27,22483,21.43,45.8,54.0,39.0,6.8,0.0,Sunday,3
2016-03-28,20345,14.66,47.3,62.1,42.8,11.2,0.19,Monday,3
2016-03-29,31481,14.37,49.7,63.0,43.0,21.8,0.32,Tuesday,3
2016-03-30,33684,16.18,45.4,53.1,39.0,10.7,0.0,Wednesday,3
2016-03-31,38348,18.08,57.2,70.0,39.0,11.1,0.0,Thursday,3
2016-04-01,34449,17.7,62.6,79.0,48.9,9.1,0.0,Friday,4
2016-04-02,21839,18.66,56.3,79.0,48.9,6.9,0.01,Saturday,4
2016-04-03,15322,18.48,42.3,61.0,35.1,19.7,0.24,Sunday,4
2016-04-04,12302,11.24,39.7,50.0,35.1,9.4,0.11,Monday,4
2016-04-05,26238,15.08,33.3,45.0,27.0,13.3,0.5,Tuesday,4
2016-04-06,29365,15.28,39.0,48.0,27.0,9.9,0.0,Wednesday,4
2016-04-07,30402,13.86,52.0,60.1,32.0,12.8,0.0,Thursday,4
2016-04-08,30817,16.41,48.9,60.1,44.1,13.7,0.15,Friday,4
2016-04-09,12702,20.66,41.1,46.9,37.4,8.1,0.0,Saturday,4
2016-04-10,23229,20.43,40.5,50.0,33.1,11.5,0.07,Sunday,4
2016-04-11,32048,14.77,50.2,61.0,33.1,11.7,0.0,Monday,4
2016-04-12,23765,13.98,53.2,61.0,44.1,10.9,0.04,Tuesday,4
2016-04-13,37539,15.09,48.4,57.9,42.1,8.8,0.19,Wednesday,4
2016-04-14,38505,16.65,49.9,61.0,42.1,6.5,0.0,Thursday,4
2016-04-15,39676,15.27,50.8,63.0,43.0,5.2,0.0,Friday,4
2016-04-16,36148,21.13,52.6,64.9,44.1,6.7,0.0,Saturday,4
2016-04-17,38843,24.62,55.8,73.9,45.0,4.5,0.0,Sunday,4
2016-04-18,43994,17.21,62.5,80.1,48.0,4.4,0.0,Monday,4
2016-04-19,46075,15.25,65.5,80.1,48.9,8.6,0.0,Tuesday,4
2016-04-20,44547,17.06,58.8,69.1,51.1,10.7,0.0,Wednesday,4
2016-04-21,45570,15.99,58.8,70.0,50.0,8.2,0.0,Thursday,4
2016-04-22,48815,19.97,70.0,78.1,50.0,7.1,0.0,Friday,4
2016-04-23,33647,23.98,66.5,78.1,61.0,8.7,0.14,Saturday,4
2016-04-24,37866,23.7,56.5,69.1,48.0,9.7,0.0,Sunday,4
2016-04-25,42308,17.73,56.6,68.0,48.0,6.5,0.0,Monday,4
2016-04-26,34643,16.31,54.4,68.0,50.0,9.4,0.19,Tuesday,4
2016-04-27,41931,17.22,51.1,57.9,46.4,7.9,0.11,Wednesday,4
2016-04-28,37428,15.52,53.3,60.1,46.9,8.3,0.0,Thursday,4
2016-04-29,34878,18.54,52.0,59.0,48.0,7.8,0.0,Friday,4
2016-04-30,38258,25.19,52.8,63.0,46.9,6.2,0.02,Saturday,4
2016-05-01,10697,14.55,50.1,63.0,46.9,7.3,0.0,Sunday,5
2016-05-02,38537,17.38,50.6,61.0,44.6,6.1,0.15,Monday,5
2016-05-03,22858,16.13,54.5,62.1,45.0,7.3,0.73,Tuesday,5
2016-05-04,31619,13.67,51.3,55.0,48.9,9.0,0.07,Wednesday,5
2016-05-05,39903,15.95,51.8,57.9,46.9,11.6,0.02,Thursday,5
2016-05-06,18860,14.94,52.2,57.9,46.9,13.0,0.38,Friday,5
2016-05-07,31078,20.77,52.3,57.2,48.2,8.7,0.18,Saturday,5
2016-05-08,31197,21.02,55.4,64.9,48.9,9.8,0.07,Sunday,5
2016-05-09,45724,17.35,62.9,73.9,48.9,9.9,0.08,Monday,5
2016-05-10,44849,15.38,59.1,73.9,51.1,7.6,0.0,Tuesday,5
2016-05-11,51181,16.62,63.0,73.9,51.1,5.4,0.0,Wednesday,5
2016-05-12,52273,16.94,66.2,78.1,53.1,5.7,0.0,Thursday,5
2016-05-13,32391,16.22,61.6,78.1,55.9,5.7,0.0,Friday,5
2016-05-14,42063,23.05,66.2,73.0,57.9,6.8,0.25,Saturday,5
2016-05-15,28661,20.69,56.0,73.0,48.0,15.4,0.0,Sunday,5
2016-05-16,42787,17.33,52.8,68.0,44.1,16.9,0.0,Monday,5
2016-05-17,43396,15.65,62.3,68.0,44.1,9.2,0.0,Tuesday,5
2016-05-18,44803,16.13,59.3,69.1,55.0,7.2,0.0,Wednesday,5
2016-05-19,49182,16.15,60.9,71.1,55.0,5.3,0.0,Thursday,5
2016-05-20,52543,18.4,64.4,78.1,55.9,5.7,0.0,Friday,5
2016-05-21,30519,19.7,62.4,78.1,57.0,6.3,0.0,Saturday,5
2016-05-22,37802,19.76,60.7,71.1,54.0,6.5,0.18,Sunday,5
2016-05-23,48578,15.87,65.0,77.0,54.0,6.0,0.11,Monday,5
2016-05-24,34796,14.57,65.6,77.0,55.9,5.3,0.26,Tuesday,5
2016-05-25,53439,16.46,74.4,90.0,60.1,3.9,0.02,Wednesday,5
2016-05-26,52133,15.95,82.2,91.9,60.1,7.2,0.0,Thursday,5
2016-05-27,46937,17.44,76.6,91.9,55.0,7.2,0.0,Friday,5
2016-05-28,34222,21.96,79.9,91.9,66.9,8.4,0.0,Saturday,5
2016-05-29,36877,24.45,80.0,91.9,73.0,9.1,0.0,Sunday,5
2016-05-30,32619,19.59,73.5,87.1,69.1,6.6,1.53,Monday,5
2016-05-31,49756,15.29,76.7,86.0,69.1,7.5,0.0,Tuesday,5
2016-06-01,54665,18.27,76.0,84.0,68.0,6.7,0.0,Wednesday,6
2016-06-02,54401,16.11,68.9,82.9,62.1,9.2,0.0,Thursday,6
2016-06-03,38975,15.67,66.3,73.9,62.1,6.3,0.0,Friday,6
2016-06-04,40977,21.64,72.8,82.9,63.0,5.5,0.02,Saturday,6
2016-06-05,22397,17.38,69.3,82.9,66.0,7.5,0.27,Sunday,6
2016-06-06,52149,16.09,75.1,87.1,66.9,9.1,0.67,Monday,6
2016-06-07,51812,15.05,79.3,87.1,68.0,9.1,0.0,Tuesday,6
2016-06-08,42250,13.55,64.9,87.1,55.0,13.0,0.01,Wednesday,6
2016-06-09,52905,15.76,63.6,73.9,55.0,17.1,0.44,Thursday,6
2016-06-10,53299,16.03,67.9,78.1,55.9,12.0,0.0,Friday,6
2016-06-11,41030,18.5,74.6,90.0,59.0,7.0,0.0,Saturday,6
2016-06-12,40637,19.73,80.2,90.0,64.0,14.0,0.1,Sunday,6
2016-06-13,49069,15.07,66.0,86.0,59.0,16.9,0.0,Monday,6
2016-06-14,54813,15.48,69.0,81.0,59.0,11.2,0.0,Tuesday,6
2016-06-15,55049,15.64,75.3,87.1,60.1,6.2,0.0,Wednesday,6
2016-06-16,46198,14.33,73.3,87.1,66.0,4.4,0.12,Thursday,6
2016-06-17,54236,16.92,71.2,77.0,66.0,6.4,0.0,Friday,6
2016-06-18,48901,20.86,73.0,86.0,63.0,5.3,0.0,Saturday,6
2016-06-19,45270,21.22,75.1,86.0,63.0,7.5,0.0,Sunday,6
2016-06-20,52247,15.86,73.4,84.0,66.0,6.9,0.0,Monday,6
2016-06-21,53564,14.27,80.8,89.1,66.0,10.0,0.0,Tuesday,6
2016-06-22,55749,15.75,77.9,89.1,66.9,8.8,0.0,Wednesday,6
2016-06-23,53206,14.6,74.3,86.0,66.9,6.8,0.0,Thursday,6
2016-06-24,54186,15.93,74.7,84.9,68.0,8.7,0.0,Friday,6
2016-06-25,43000,20.47,73.3,84.9,64.9,8.0,0.0,Saturday,6
2016-06-26,42992,19.89,75.8,86.0,64.9,7.5,0.0,Sunday,6
2016-06-27,47023,14.96,75.7,86.0,69.1,9.9,0.0,Monday,6
2016-06-28,49593,14.71,72.6,84.0,69.1,9.3,0.54,Tuesday,6
2016-06-29,54882,14.84,75.7,87.1,70.0,5.5,0.07,Wednesday,6
2016-06-30,54843,14.29,77.6,87.1,70.0,6.9,0.0,Thursday,6
2016-07-01,39669,17.04,76.9,87.1,70.0,8.4,0.0,Friday,7
2016-07-02,35837,20.69,72.9,81.0,68.0,11.5,0.28,Saturday,7
2016-07-03,35348,23.13,75.4,82.0,68.0,7.3,0.0,Sunday,7
2016-07-04,34860,20.67,76.7,86.0,69.1,7.8,0.0,Monday,7
2016-07-05,43744,14.84,76.0,89.1,69.1,6.3,1.08,Tuesday,7
2016-07-06,51353,14.84,85.8,96.1,69.1,5.3,0.57,Wednesday,7
2016-07-07,48742,14.11,85.1,96.1,77.0,7.3,0.0,Thursday,7
2016-07-08,44419,16.5,78.8,93.0,73.9,6.5,0.02,Friday,7
2016-07-09,38142,17.58,70.3,86.0,66.0,9.0,0.01,Saturday,7
2016-07-10,41991,20.97,73.0,81.0,66.9,7.0,0.41,Sunday,7
2016-07-11,52870,15.01,74.5,82.0,68.5,8.7,0.0,Monday,7
2016-07-12,56537,16.04,76.6,84.0,69.1,8.1,0.0,Tuesday,7
2016-07-13,55486,16.68,78.1,86.0,71.1,8.8,0.0,Wednesday,7
2016-07-14,50350,15.63,80.4,91.0,73.0,7.8,0.0,Thursday,7
2016-07-15,48572,15.1,86.6,91.9,75.0,6.4,0.5,Friday,7
2016-07-16,38406,18.13,84.1,91.9,77.0,8.0,0.0,Saturday,7
2016-07-17,41347,20.47,83.1,93.0,77.0,5.1,0.0,Sunday,7
2016-07-18,43687,15.44,86.3,97.0,77.0,8.5,0.0,Monday,7
2016-07-19,54593,15.41,80.2,97.0,75.9,10.9,0.12,Tuesday,7
2016-07-20,57225,15.27,77.9,88.0,71.1,7.2,0.0,Wednesday,7
2016-07-21,54842,15.43,80.9,91.0,71.1,8.3,0.0,Thursday,7
2016-07-22,49191,15.72,85.1,98.1,75.0,11.3,0.0,Friday,7
2016-07-23,37523,18.09,89.5,99.0,75.9,11.0,0.0,Saturday,7
2016-07-24,39637,21.14,85.2,99.0,75.9,7.0,0.0,Sunday,7
2016-07-25,35379,14.4,84.3,93.9,75.9,8.2,0.02,Monday,7
2016-07-26,52912,15.44,81.7,93.9,75.0,8.3,0.77,Tuesday,7
2016-07-27,54163,15.9,84.5,93.9,75.0,6.6,0.0,Wednesday,7
2016-07-28,50151,14.93,84.7,93.9,77.0,6.1,0.0,Thursday,7
2016-07-29,37703,15.57,78.1,93.9,71.1,8.3,0.89,Friday,7
2016-07-30,27780,17.54,78.4,84.9,71.1,7.2,0.13,Saturday,7
2016-07-31,27651,16.09,77.7,84.0,75.0,8.1,0.18,Sunday,7
2016-08-01,49401,15.41,74.2,82.9,71.1,10.4,0.57,Monday,8
2016-08-02,56764,14.99,74.2,80.1,71.1,10.5,0.0,Tuesday,8
2016-08-03,57003,15.26,74.2,81.0,68.0,7.5,0.0,Wednesday,8
2016-08-04,56604,16.34,75.6,84.0,68.0,5.9,0.0,Thursday,8
2016-08-05,53297,16.14,77.4,86.0,70.0,8.1,0.0,Friday,8
2016-08-06,44213,19.82,80.8,91.0,72.0,8.8,0.0,Saturday,8
2016-08-07,43631,19.05,81.5,91.0,73.9,9.2,0.0,Sunday,8
2016-08-08,52262,15.65,80.8,89.1,73.9,7.1,0.0,Monday,8
2016-08-09,56112,14.84,80.8,89.1,75.0,6.5,0.0,Tuesday,8
2016-08-10,50114,14.84,81.5,89.1,75.0,9.3,0.01,Wednesday,8
2016-08-11,47430,14.22,86.8,97.0,75.9,7.2,0.05,Thursday,8
2016-08-12,44750,16.52,86.5,98.1,75.9,7.9,0.56,Friday,8
2016-08-13,38912,18.49,89.2,98.1,75.9,7.0,0.07,Saturday,8
2016-08-14,32961,17.4,90.7,97.0,82.0,8.6,0.0,Sunday,8
2016-08-15,49063,14.42,84.6,98.1,78.1,5.6,0.01,Monday,8
2016-08-16,50426,14.79,84.9,93.0,78.1,9.0,0.0,Tuesday,8
2016-08-17,53989,15.48,82.8,91.0,78.1,11.7,0.13,Wednesday,8
2016-08-18,53218,15.55,80.3,88.0,75.0,5.4,0.02,Thursday,8
2016-08-19,51669,16.08,81.6,89.1,75.0,6.6,0.0,Friday,8
2016-08-20,45817,21.15,79.0,89.1,75.0,6.3,0.02,Saturday,8
2016-08-21,35051,20.34,80.7,89.1,75.0,9.7,0.12,Sunday,8
2016-08-22,54404,15.15,76.0,89.1,71.1,15.1,0.13,Monday,8
2016-08-23,58674,16.09,74.3,84.0,66.9,6.4,0.0,Tuesday,8
2016-08-24,58154,15.98,78.6,89.1,66.9,6.4,0.0,Wednesday,8
2016-08-25,53487,16.08,78.6,89.1,71.1,10.6,0.0,Thursday,8
2016-08-26,52037,16.26,83.6,91.0,73.0,8.7,0.01,Friday,8
2016-08-27,45674,20.0,82.4,91.0,75.9,8.2,0.0,Saturday,8
2016-08-28,44639,19.59,80.7,89.1,73.9,6.3,0.0,Sunday,8
2016-08-29,53288,15.81,82.1,91.0,73.9,8.6,0.0,Monday,8
2016-08-30,57405,15.32,79.0,91.0,72.0,9.0,0.0,Tuesday,8
2016-08-31,57214,14.51,80.5,90.0,72.0,7.5,0.0,Wednesday,8
2016-09-01,38187,13.34,76.9,90.0,73.0,5.6,0.03,Thursday,9
2016-09-02,53007,16.31,75.0,82.9,68.0,9.2,0.31,Friday,9
2016-09-03,41630,19.12,73.5,82.9,68.0,10.8,0.0,Saturday,9
2016-09-04,46023,21.0,72.1,81.0,66.0,9.5,0.0,Sunday,9
2016-09-05,45436,19.36,73.8,84.0,66.0,10.8,0.0,Monday,9
2016-09-06,52447,14.6,77.8,84.0,66.9,15.2,0.0,Tuesday,9
2016-09-07,60500,15.66,77.2,86.0,71.6,11.2,0.01,Wednesday,9
2016-09-08,61596,14.54,79.0,88.0,72.0,6.0,0.0,Thursday,9
2016-09-09,56813,14.74,86.5,93.0,73.0,7.5,0.0,Friday,9
2016-09-10,48455,17.36,82.2,93.0,75.9,7.1,0.05,Saturday,9
2016-09-11,52245,19.23,80.6,91.0,75.9,11.5,0.0,Sunday,9
2016-09-12,61103,16.01,71.3,84.0,64.0,8.2,0.0,Monday,9
2016-09-13,64839,15.12,73.2,82.0,64.0,7.7,0.0,Tuesday,9
2016-09-14,59203,14.4,78.0,91.9,68.0,8.5,0.0,Wednesday,9
2016-09-15,67331,15.07,70.4,91.9,63.0,10.3,0.37,Thursday,9
2016-09-16,65275,15.4,68.5,75.0,63.0,6.4,0.0,Friday,9
2016-09-17,59200,19.25,69.2,78.1,64.0,6.3,0.0,Saturday,9
2016-09-18,51686,17.32,76.3,84.9,64.0,8.8,0.0,Sunday,9
2016-09-19,34217,13.57,75.2,84.9,72.0,5.9,0.31,Monday,9
2016-09-20,64891,14.96,75.4,84.0,71.1,5.1,0.47,Tuesday,9
2016-09-21,65463,14.89,77.6,84.9,71.1,4.0,0.0,Wednesday,9
2016-09-22,67810,14.73,76.8,86.0,70.0,5.8,0.0,Thursday,9
2016-09-23,65517,15.44,77.2,89.1,69.1,4.3,0.0,Friday,9
2016-09-24,53259,17.91,68.5,89.1,59.0,9.5,0.44,Saturday,9
2016-09-25,53568,18.01,64.2,72.0,57.9,6.8,0.2,Sunday,9
2016-09-26,61386,14.32,65.6,73.0,57.0,7.2,0.0,Monday,9
2016-09-27,61346,14.14,70.5,75.9,57.0,8.4,0.15,Tuesday,9
2016-09-28,59464,13.59,67.6,75.9,62.1,10.8,0.0,Wednesday,9
2016-09-29,55578,12.95,63.2,71.1,60.1,18.2,0.0,Thursday,9
2016-09-30,21381,11.51,62.1,66.9,60.1,21.8,0.0,Friday,9
2017-04-01,23849,18.6,42.2,48.0,39.0,17.2,1.78,Saturday,4
2017-04-02,39780,23.51,50.6,63.0,39.0,9.7,0.01,Sunday,4
2017-04-03,43485,18.12,56.4,63.0,43.0,7.0,0.0,Monday,4
2017-04-04,29991,16.88,50.1,63.0,45.0,11.3,1.6,Tuesday,4
2017-04-05,47636,19.63,51.7,63.0,45.0,5.4,0.03,Wednesday,4
2017-04-06,18020,16.07,46.0,53.1,42.8,12.1,0.02,Thursday,4
2017-04-07,35779,12.25,50.1,54.0,43.0,13.2,0.83,Friday,4
2017-04-08,35936,19.26,47.4,57.9,42.1,16.0,0.0,Saturday,4
2017-04-09,43896,23.3,54.4,68.0,42.1,8.8,0.0,Sunday,4
2017-04-10,50424,21.02,61.3,73.0,46.0,7.6,0.0,Monday,4
2017-04-11,57310,23.41,67.4,78.1,52.0,7.9,0.0,Tuesday,4
2017-04-12,51188,14.59,63.9,78.1,54.0,4.3,0.0,Wednesday,4
2017-04-13,52915,15.52,58.5,77.0,50.0,9.8,0.03,Thursday,4
2017-04-14,52232,19.18,57.2,66.0,50.0,7.1,0.0,Friday,4
2017-04-15,42531,19.47,57.2,66.0,50.0,8.4,0.0,Saturday,4
2017-04-16,48140,30.83,70.8,88.0,52.0,9.5,0.0,Sunday,4
2017-04-17,53247,15.31,70.9,88.0,60.1,12.2,0.0,Monday,4
2017-04-18,53809,14.7,59.2,73.0,51.1,10.2,0.0,Tuesday,4
2017-04-19,45787,12.66,50.0,64.9,46.0,11.0,0.0,Wednesday,4
2017-04-20,44264,19.71,54.4,66.0,46.0,6.7,0.19,Thursday,4
2017-04-21,39868,13.17,52.3,66.0,48.9,11.2,0.3,Friday,4
2017-04-22,34596,16.99,51.8,55.9,48.0,6.9,0.02,Saturday,4
2017-04-23,49107,20.7,54.7,64.9,48.0,7.0,0.07,Sunday,4
2017-04-24,48692,14.03,53.5,64.9,48.0,6.0,0.0,Monday,4
2017-04-25,20332,11.59,52.8,59.0,48.0,16.3,0.07,Tuesday,4
2017-04-26,37727,12.71,55.2,62.1,50.0,11.9,0.73,Wednesday,4
2017-04-27,52035,14.99,62.0,69.1,53.1,5.1,0.13,Thursday,4
2017-04-28,62199,16.74,66.6,84.9,55.0,5.9,0.01,Friday,4
2017-04-29,57701,22.42,76.9,88.0,55.0,8.8,0.06,Saturday,4
2017-04-30,42928,17.93,64.7,88.0,55.9,10.1,0.0,Sunday,4
2017-05-01,56218,15.69,55.9,73.0,50.0,9.3,0.0,Monday,5
2017-05-02,61207,17.98,70.5,78.1,50.0,12.9,0.0,Tuesday,5
2017-05-03,59252,17.57,64.3,78.1,61.0,14.1,0.0,Wednesday,5
2017-05-04,57429,16.84,57.7,66.9,51.1,8.9,0.0,Thursday,5
2017-05-05,24009,12.93,56.0,66.0,51.1,11.4,0.01,Friday,5
2017-05-06,46618,17.84,62.4,66.9,53.1,13.8,2.31,Saturday,5
2017-05-07,34293,15.37,56.1,66.9,53.1,12.2,0.01,Sunday,5
2017-05-08,51553,14.06,53.4,62.1,48.0,12.5,0.0,Monday,5
2017-05-09,56461,13.92,55.6,64.0,48.0,9.2,0.0,Tuesday,5
2017-05-10,58454,15.49,56.8,64.9,48.9,6.2,0.0,Wednesday,5
2017-05-11,57208,13.89,57.1,64.9,52.0,6.4,0.0,Thursday,5
2017-05-12,56675,14.97,56.5,64.0,52.0,6.9,0.0,Friday,5
2017-05-13,5704,19.47,53.2,55.9,48.0,11.1,0.13,Saturday,5
2017-05-14,38729,17.57,55.4,70.0,46.9,13.4,1.61,Sunday,5
2017-05-15,54715,14.22,61.7,70.0,46.9,17.8,0.01,Monday,5
2017-05-16,64504,15.44,68.8,82.9,54.0,10.3,0.0,Tuesday,5
2017-05-17,65794,17.14,79.2,93.9,59.0,6.8,0.0,Wednesday,5
2017-05-18,63753,15.25,88.1,97.0,66.0,10.1,0.0,Thursday,5
2017-05-19,62143,15.83,87.9,97.0,80.1,11.0,0.0,Friday,5
2017-05-20,47859,18.15,67.3,96.1,61.0,10.9,0.01,Saturday,5
2017-05-21,54874,21.25,62.4,71.1,57.0,7.9,0.0,Sunday,5
2017-05-22,24627,12.42,59.8,71.1,57.0,7.5,0.11,Monday,5
2017-05-23,60032,15.91,63.4,70.0,57.0,4.9,0.53,Tuesday,5
2017-05-24,60622,16.64,62.8,70.0,57.0,7.4,0.03,Wednesday,5
2017-05-25,17495,11.63,58.4,69.1,55.9,11.7,0.1,Thursday,5
2017-05-26,53768,17.63,63.5,75.9,55.9,11.1,0.89,Friday,5
2017-05-27,46534,20.08,67.4,75.9,57.0,8.0,0.12,Saturday,5
2017-05-28,46727,24.95,64.5,72.0,57.9,6.8,0.0,Sunday,5
2017-05-29,26322,15.23,59.1,71.1,55.9,9.5,0.13,Monday,5
2017-05-30,50194,14.6,58.3,64.0,55.0,7.6,0.03,Tuesday,5
2017-05-31,59495,15.22,63.1,78.1,55.0,6.6,0.08,Wednesday,5
2017-06-01,67403,15.79,69.4,82.0,57.9,6.9,0.05,Thursday,6
2017-06-02,66907,16.27,70.6,82.0,60.1,8.8,0.0,Friday,6
2017-06-03,56264,19.4,66.1,79.0,59.0,9.2,0.0,Saturday,6
2017-06-04,40138,17.71,66.0,73.9,59.0,6.3,0.0,Sunday,6
2017-06-05,55883,15.64,61.8,71.1,59.0,7.9,0.06,Monday,6
2017-06-06,41268,12.38,58.0,66.9,55.0,11.5,0.02,Tuesday,6
2017-06-07,64453,15.88,58.6,70.0,52.0,8.0,0.03,Wednesday,6
2017-06-08,62653,15.59,63.9,71.1,52.0,5.4,0.0,Thursday,6
2017-06-09,66506,19.49,66.7,82.9,55.9,7.2,0.0,Friday,6
2017-06-10,57087,21.41,78.1,88.0,55.9,7.6,0.0,Saturday,6
2017-06-11,51427,20.41,83.7,93.9,66.9,9.0,0.0,Sunday,6
2017-06-12,57871,15.69,86.7,96.1,75.0,8.5,0.0,Monday,6
2017-06-13,60921,15.21,89.7,100.9,75.9,8.5,0.0,Tuesday,6
2017-06-14,60513,17.42,78.8,93.9,71.6,7.8,0.48,Wednesday,6
2017-06-15,64763,18.41,70.7,82.9,64.0,8.1,0.02,Thursday,6
2017-06-16,56403,16.59,65.6,75.9,63.0,9.1,0.0,Friday,6
2017-06-17,34900,18.48,67.0,73.9,63.0,7.0,0.0,Saturday,6
2017-06-18,49472,22.72,75.3,84.0,64.0,8.8,1.26,Sunday,6
2017-06-19,38310,16.13,78.5,87.1,70.0,11.1,0.0,Monday,6
2017-06-20,64673,17.39,76.9,87.1,70.0,11.0,1.23,Tuesday,6
2017-06-21,67218,17.45,80.3,87.1,70.0,8.7,0.01,Wednesday,6
2017-06-22,66308,17.51,77.1,87.1,68.0,7.6,0.0,Thursday,6
2017-06-23,55323,16.4,81.2,87.1,68.0,9.3,0.0,Friday,6
2017-06-24,52153,20.71,79.5,87.1,70.0,10.0,0.96,Saturday,6
2017-06-25,54655,23.2,78.2,86.0,70.0,7.1,0.18,Sunday,6
2017-06-26,62669,20.13,74.0,84.0,66.9,9.0,0.0,Monday,6
2017-06-27,64767,16.47,71.2,81.0,62.1,7.7,0.16,Tuesday,6
2017-06-28,67752,19.71,71.5,81.0,62.1,10.1,0.0,Wednesday,6
2017-06-29,64272,17.41,76.2,82.9,64.0,10.9,0.0,Thursday,6
2017-06-30,58662,19.61,80.2,89.1,69.1,11.7,0.0,Friday,6
2017-07-01,36737,23.08,79.0,89.1,73.9,9.4,0.0,Saturday,7
2017-07-02,43036,26.9,79.8,91.0,73.0,7.4,0.07,Sunday,7
2017-07-03,48193,21.41,83.3,91.0,73.0,7.2,0.0,Monday,7
2017-07-04,49924,25.36,77.8,90.0,70.0,4.2,0.12,Tuesday,7
2017-07-05,60321,18.01,76.7,87.1,70.0,7.6,0.0,Wednesday,7
2017-07-06,62147,17.69,74.5,84.9,69.1,7.1,0.0,Thursday,7
2017-07-07,44068,15.8,72.4,82.0,68.0,8.4,0.01,Friday,7
2017-07-08,55015,20.28,78.5,87.1,68.0,7.5,2.13,Saturday,7
2017-07-09,57118,20.4,76.3,87.1,70.0,8.5,0.0,Sunday,7
2017-07-10,60907,16.57,78.7,88.0,70.0,8.0,0.0,Monday,7
2017-07-11,61671,15.85,80.5,89.1,72.0,8.5,0.0,Tuesday,7
2017-07-12,61786,15.49,84.2,91.0,75.0,9.1,0.0,Wednesday,7
2017-07-13,56475,17.33,86.0,93.9,78.1,9.1,0.0,Thursday,7
2017-07-14,31851,16.52,69.8,93.9,64.9,8.4,0.01,Friday,7
2017-07-15,56499,19.0,73.7,86.0,64.9,6.9,0.47,Saturday,7
2017-07-16,56833,21.49,78.0,86.0,66.9,6.6,0.01,Sunday,7
2017-07-17,62555,16.64,80.1,87.1,71.1,7.2,0.0,Monday,7
2017-07-18,66234,16.66,80.5,88.0,75.0,7.9,0.0,Tuesday,7
2017-07-19,63915,16.22,84.8,93.9,75.9,7.6,0.0,Wednesday,7
2017-07-20,59663,15.19,87.2,98.1,77.0,5.0,0.0,Thursday,7
2017-07-21,60072,15.76,84.4,98.1,77.0,8.7,0.0,Friday,7
2017-07-22,48011,18.97,85.3,93.9,77.0,7.5,0.0,Saturday,7
2017-07-23,46942,17.48,76.4,91.0,72.0,5.4,0.6,Sunday,7
2017-07-24,43792,15.02,70.2,80.1,64.0,11.1,0.46,Monday,7
2017-07-25,65336,14.88,65.8,73.0,62.1,9.1,0.45,Tuesday,7
2017-07-26,70323,16.08,70.5,78.1,62.1,7.5,0.0,Wednesday,7
2017-07-27,65769,14.64,72.2,78.1,64.9,7.9,0.0,Thursday,7
2017-07-28,63899,15.27,76.9,84.0,66.9,5.8,0.0,Friday,7
2017-07-29,52947,17.36,73.3,84.0,68.0,13.2,0.0,Saturday,7
2017-07-30,59342,19.03,72.9,82.0,66.0,7.0,0.0,Sunday,7
2017-07-31,64218,14.7,77.7,89.1,66.0,5.3,0.0,Monday,7
2017-08-01,66677,17.67,81.3,91.0,70.0,5.1,0.0,Tuesday,8
2017-08-02,56184,20.03,79.6,91.0,69.1,6.1,0.0,Wednesday,8
2017-08-03,66149,19.16,76.2,88.0,69.1,6.2,0.08,Thursday,8
2017-08-04,56394,18.54,78.1,87.1,70.0,10.0,0.1,Friday,8
2017-08-05,58971,24.42,76.3,84.9,70.0,10.0,0.82,Saturday,8
2017-08-06,56476,22.55,72.0,80.1,66.0,10.9,0.16,Sunday,8
2017-08-07,23395,12.29,70.2,78.1,66.0,5.8,0.0,Monday,8
2017-08-08,65233,18.12,70.3,80.1,64.9,7.1,0.43,Tuesday,8
2017-08-09,67884,21.83,76.5,84.9,64.9,5.2,0.0,Wednesday,8
2017-08-10,66249,16.36,77.5,86.0,68.0,6.0,0.0,Thursday,8
2017-08-11,63140,19.48,75.9,86.0,71.1,7.7,0.0,Friday,8
2017-08-12,60540,23.13,71.8,82.0,64.9,5.9,0.17,Saturday,8
2017-08-13,57518,21.75,76.8,84.9,64.9,8.0,0.16,Sunday,8
2017-08-14,61482,23.3,76.6,84.9,71.1,5.8,0.0,Monday,8
2017-08-15,52461,15.56,73.2,77.0,69.1,5.3,0.32,Tuesday,8
2017-08-16,68436,17.92,76.8,86.0,69.1,4.8,0.12,Wednesday,8
2017-08-17,66656,17.59,76.4,86.0,70.0,7.0,0.0,Thursday,8
2017-08-18,36620,17.12,77.3,82.9,70.0,7.7,0.01,Friday,8
2017-08-19,62442,24.2,80.1,89.1,73.0,7.5,0.9,Saturday,8
2017-08-20,55442,20.31,78.7,89.1,71.1,10.4,0.0,Sunday,8
2017-08-21,61059,18.41,80.8,88.0,71.1,6.7,0.0,Monday,8
2017-08-22,60541,19.69,81.5,91.0,75.0,8.6,0.0,Tuesday,8
2017-08-23,65070,20.26,78.2,84.0,73.4,11.1,0.25,Wednesday,8
2017-08-24,66307,20.0,75.2,82.0,69.1,6.8,0.02,Thursday,8
2017-08-25,64217,16.99,72.3,81.0,66.0,6.0,0.0,Friday,8
2017-08-26,50109,19.14,71.0,78.1,64.0,5.7,0.0,Saturday,8
2017-08-27,54598,22.6,70.2,77.0,64.0,7.1,0.0,Sunday,8
2017-08-28,60886,16.82,69.8,77.0,64.0,9.3,0.0,Monday,8
2017-08-29,35152,14.88,66.5,75.0,64.0,11.6,0.0,Tuesday,8
2017-08-30,65329,16.34,67.5,80.1,61.0,10.6,0.32,Wednesday,8
2017-08-31,64881,15.47,74.0,82.0,61.0,9.8,0.01,Thursday,8
2017-09-01,54881,16.9,65.4,82.0,55.9,10.7,0.0,Friday,9
2017-09-02,37812,21.4,63.2,72.0,55.9,7.9,0.0,Saturday,9
2017-09-03,30955,20.1,62.6,72.0,55.9,9.8,0.79,Sunday,9
2017-09-04,55285,22.74,71.3,82.0,59.0,11.2,0.4,Monday,9
2017-09-05,65445,17.34,76.4,84.9,64.0,8.8,0.0,Tuesday,9
2017-09-06,42295,13.88,69.9,84.9,62.1,7.0,0.0,Wednesday,9
2017-09-07,69519,16.87,65.4,73.0,60.8,8.3,0.44,Thursday,9
2017-09-08,69574,15.89,67.5,75.0,61.0,10.6,0.0,Friday,9
2017-09-09,60155,18.97,63.7,73.0,57.9,9.1,0.0,Saturday,9
2017-09-10,60711,18.79,65.0,73.0,59.0,9.7,0.0,Sunday,9
2017-09-11,71917,16.35,67.7,78.1,59.0,5.1,0.0,Monday,9
2017-09-12,74580,15.46,71.9,82.0,59.0,2.9,0.0,Tuesday,9
2017-09-13,69566,16.06,74.0,84.0,63.0,4.9,0.0,Wednesday,9
2017-09-14,72071,14.62,75.1,84.0,66.9,7.0,0.02,Thursday,9
2017-09-15,72297,17.25,76.6,82.9,70.0,6.3,0.0,Friday,9
2017-09-16,61036,18.35,74.2,82.0,69.1,5.8,0.0,Saturday,9
2017-09-17,59967,18.68,72.8,81.0,69.1,5.1,0.0,Sunday,9
2017-09-18,64130,14.66,70.6,81.0,68.0,8.7,0.0,Monday,9
2017-09-19,57910,13.97,72.3,78.1,68.0,13.7,0.0,Tuesday,9
2017-09-20,71150,15.33,73.9,78.1,69.1,13.3,0.19,Wednesday,9
2017-09-21,67742,15.09,75.8,79.0,71.1,10.2,0.0,Thursday,9
2017-09-22,70127,17.24,73.8,81.0,68.0,11.5,0.0,Friday,9
2017-09-23,62687,21.88,76.5,86.0,68.0,10.0,0.0,Saturday,9
2017-09-24,57458,18.54,79.5,91.0,70.0,3.5,0.0,Sunday,9
2017-09-25,69200,14.69,77.5,91.0,71.1,5.5,0.0,Monday,9
2017-09-26,71518,14.12,73.7,86.0,68.0,5.6,0.0,Tuesday,9
2017-09-27,69897,14.35,75.0,84.0,68.0,7.2,0.0,Wednesday,9
2017-09-28,70883,14.31,74.1,84.0,68.0,11.8,0.0,Thursday,9
2017-09-29,67177,14.83,63.3,77.0,57.0,9.0,0.0,Friday,9
2017-09-30,50153,15.51,62.1,70.0,55.9,9.4,0.0,Saturday,9
2017-10-01,55505,20.98,58.8,70.0,52.0,6.8,0.0,Sunday,10
2017-10-02,65511,16.06,64.5,73.9,52.0,4.8,0.0,Monday,10
2017-10-03,69105,15.44,64.0,73.9,55.9,5.2,0.0,Tuesday,10
2017-10-04,71454,17.48,64.8,75.0,57.9,6.8,0.0,Wednesday,10
2017-10-05,70174,15.33,73.0,84.0,57.9,9.5,0.0,Thursday,10
2017-10-06,70257,26.95,74.7,84.0,66.0,7.0,0.0,Friday,10
2017-10-07,63635,26.91,72.4,82.0,66.0,6.4,0.0,Saturday,10
2017-10-08,41044,27.23,74.0,82.0,66.0,9.3,0.0,Sunday,10
2017-10-09,38391,15.03,73.9,80.1,71.1,9.0,0.39,Monday,10
2017-10-10,74118,15.89,75.1,81.0,69.1,8.4,0.21,Tuesday,10
2017-10-11,63589,15.35,70.8,81.0,68.0,7.0,0.0,Wednesday,10
2017-10-12,61248,21.16,62.7,78.1,59.0,14.4,0.07,Thursday,10
2017-10-13,67020,17.57,59.1,68.0,53.1,11.2,0.03,Friday,10
2017-10-14,58777,22.4,65.7,73.0,53.1,6.6,0.03,Saturday,10
2017-10-15,56529,16.61,69.8,75.0,62.1,6.8,0.0,Sunday,10
2017-10-16,61730,13.43,62.6,75.0,55.0,14.0,0.01,Monday,10
2017-10-17,64480,14.58,51.8,71.1,45.0,8.7,0.0,Tuesday,10
2017-10-18,70234,16.48,60.0,73.9,45.0,6.2,0.0,Wednesday,10
2017-10-19,72311,15.96,64.7,73.9,52.0,7.9,0.0,Thursday,10
2017-10-20,72173,17.64,66.9,73.9,57.9,9.7,0.0,Friday,10
2017-10-21,65874,18.13,67.7,79.0,59.0,4.6,0.0,Saturday,10
2017-10-22,62150,20.69,66.7,75.9,57.9,4.5,0.0,Sunday,10
2017-10-23,69274,16.22,66.9,75.9,57.9,7.1,0.0,Monday,10
2017-10-24,48077,13.25,70.8,75.9,61.0,17.4,0.04,Tuesday,10
2017-10-25,71287,16.32,64.8,75.9,61.0,5.5,0.09,Wednesday,10
2017-10-26,64003,14.97,58.0,68.0,53.1,10.5,0.0,Thursday,10
2017-10-27,69268,18.72,55.7,63.0,51.1,8.9,0.0,Friday,10
2017-10-28,61348,21.18,60.9,68.0,51.1,9.0,0.0,Saturday,10
2017-10-29,9537,14.53,64.0,68.0,54.0,10.3,0.1,Sunday,10
2017-10-30,49247,13.98,57.1,68.0,46.9,15.9,2.79,Monday,10
2017-10-31,60242,13.94,53.8,62.1,46.9,13.2,0.05,Tuesday,10
2017-11-01,60773,14.49,51.4,57.9,46.9,7.8,0.0,Wednesday,11
2017-11-02,70810,15.93,63.0,72.0,46.9,6.7,0.0,Thursday,11
2017-11-03,71818,17.54,66.1,75.0,57.9,7.6,0.0,Friday,11
2017-11-04,53435,21.42,53.1,75.0,48.0,10.3,0.0,Saturday,11
2017-11-05,34943,14.42,54.8,61.0,48.0,7.8,0.02,Sunday,11
2017-11-06,57606,14.3,62.6,66.0,52.0,7.8,0.08,Monday,11
2017-11-07,36362,14.38,48.0,66.0,42.1,10.3,0.0,Tuesday,11
2017-11-08,54211,14.71,43.4,51.1,39.9,9.5,0.6,Wednesday,11
2017-11-09,58417,15.01,47.6,55.9,39.9,6.5,0.0,Thursday,11
2017-11-10,38432,13.71,44.4,55.9,30.9,15.2,0.0,Friday,11
2017-11-11,28142,13.74,31.0,37.9,26.1,11.3,0.0,Saturday,11
2017-11-12,32471,14.87,39.5,46.9,26.1,4.3,0.0,Sunday,11
2017-11-13,38753,12.49,45.4,50.0,34.0,6.2,0.0,Monday,11
2017-11-14,52279,13.64,43.0,50.0,39.0,8.3,0.05,Tuesday,11
2017-11-15,54230,12.71,43.5,51.1,37.9,7.4,0.0,Wednesday,11
2017-11-16,49737,13.12,52.2,59.0,37.9,10.2,0.7,Thursday,11
2017-11-17,48991,14.67,45.5,59.0,41.0,16.8,0.08,Friday,11
2017-11-18,27745,14.61,44.0,52.0,36.0,7.2,0.0,Saturday,11
2017-11-19,31598,15.5,53.5,60.1,36.0,15.7,0.33,Sunday,11
2017-11-20,45121,12.48,43.1,60.1,37.0,13.1,0.02,Monday,11
2017-11-21,52451,15.0,49.1,59.0,37.0,11.2,0.0,Tuesday,11
2017-11-22,32298,15.14,51.7,59.0,43.0,8.7,0.0,Wednesday,11
2017-11-23,13705,17.55,38.7,55.0,34.0,10.9,0.16,Thursday,11
2017-11-24,23724,18.91,43.0,51.1,34.0,5.7,0.0,Friday,11
2017-11-25,30518,25.4,48.6,57.9,37.0,6.9,0.0,Saturday,11
2017-11-26,27181,13.7,49.3,57.9,42.1,13.0,0.0,Sunday,11
2017-11-27,46733,13.08,45.3,53.1,42.1,12.9,0.0,Monday,11
2017-11-28,51170,13.06,44.0,53.1,37.0,8.1,0.0,Tuesday,11
2017-11-29,55295,13.36,54.4,64.0,37.0,10.4,0.0,Wednesday,11
2017-11-30,51700,11.95,44.2,64.0,39.9,7.3,0.0,Thursday,11
2017-12-01,50708,12.98,50.4,54.0,39.9,9.3,0.02,Friday,12
2017-12-02,38923,14.49,44.2,53.1,39.9,5.5,0.0,Saturday,12
2017-12-03,33728,13.15,45.3,48.0,39.9,5.0,0.0,Sunday,12
2017-12-04,49630,12.86,45.5,52.0,39.9,5.0,0.0,Monday,12
2017-12-05,41792,12.43,53.8,60.1,39.9,11.4,0.0,Tuesday,12
2017-12-06,46335,12.2,50.1,60.1,41.0,11.9,0.69,Wednesday,12
2017-12-07,45367,12.21,42.7,59.0,39.9,13.2,0.0,Thursday,12
2017-12-08,41330,11.66,39.1,46.0,36.0,8.7,0.0,Friday,12
2017-12-09,10804,13.79,35.2,41.0,30.9,6.8,0.0,Saturday,12
2017-12-10,19815,13.85,35.0,39.9,30.9,10.9,0.34,Sunday,12
2017-12-11,41838,12.99,38.0,43.0,32.0,9.4,0.0,Monday,12
2017-12-12,42620,12.23,44.5,51.8,39.0,9.6,0.0,Tuesday,12
2017-12-13,32623,11.8,29.2,51.1,21.9,21.0,0.0,Wednesday,12
2017-12-14,27495,13.3,28.3,33.1,21.9,11.2,0.05,Thursday,12
2017-12-15,22944,11.74,25.5,33.1,23.0,6.5,0.02,Friday,12
2017-12-16,19060,12.26,30.9,39.9,23.0,12.9,0.13,Saturday,12
2017-12-17,22403,11.64,35.7,39.9,25.0,5.9,0.0,Sunday,12
2017-12-18,40168,12.76,38.4,46.9,33.1,5.7,0.02,Monday,12
2017-12-19,49503,11.83,50.2,55.9,34.0,10.9,0.0,Tuesday,12
2017-12-20,41463,14.19,47.7,55.9,39.9,14.3,0.0,Wednesday,12
2017-12-21,37592,11.66,37.2,53.1,34.0,9.2,0.0,Thursday,12
2017-12-22,34341,14.51,40.1,51.1,34.0,6.3,0.0,Friday,12
2017-12-23,9608,17.3,41.2,53.1,36.0,7.4,0.05,Saturday,12
2017-12-24,13216,13.15,40.3,53.1,37.0,10.1,0.49,Sunday,12
2017-12-25,6479,16.75,36.3,41.0,32.0,15.8,0.23,Monday,12
2017-12-26,14113,11.75,27.0,39.0,24.1,16.4,0.22,Tuesday,12
2017-12-27,16365,13.72,22.8,28.9,19.0,10.5,0.0,Wednesday,12
2017-12-28,13420,11.01,17.3,25.0,14.0,15.2,0.0,Thursday,12
2017-12-29,13759,10.92,15.5,21.9,12.0,12.0,0.0,Friday,12
2017-12-30,5956,12.39,20.0,23.0,18.0,7.8,0.0,Saturday,12
2017-12-31,6569,13.17,22.0,23.0,19.9,13.6,0.48,Sunday,12
2018-01-01,5500,20.77,12.6,21.9,8.1,15.1,0.0,Monday,1
2018-01-02,18818,11.34,18.4,26.1,8.1,12.3,0.0,Tuesday,1
2018-01-03,24299,11.21,22.6,30.0,14.0,7.5,0.0,Wednesday,1
2018-01-04,1922,17.33,26.1,30.0,17.1,17.0,0.02,Thursday,1
2018-01-05,4972,16.16,16.7,28.9,10.0,22.4,0.0,Friday,1
2018-01-06,4295,29.81,11.8,19.9,8.1,19.8,0.0,Saturday,1
2018-01-07,5640,12.76,10.8,18.0,6.1,11.7,0.0,Sunday,1
2018-01-08,15821,17.42,22.2,30.9,6.1,9.4,0.0,Monday,1
2018-01-09,25091,13.09,35.5,43.0,18.0,11.2,0.0,Tuesday,1
2018-01-10,28252,11.87,34.2,43.0,26.1,6.1,0.0,Wednesday,1
2018-01-11,33961,12.06,40.1,46.9,26.1,4.8,0.0,Thursday,1
2018-01-12,22254,13.36,47.9,60.1,35.1,9.4,0.01,Friday,1
2018-01-13,17760,11.61,41.7,60.1,25.0,14.4,0.79,Saturday,1
2018-01-14,12399,23.56,20.0,25.0,16.0,13.8,0.11,Sunday,1
2018-01-15,17637,11.04,21.6,30.0,15.1,12.2,0.0,Monday,1
2018-01-16,30278,11.39,27.9,33.1,16.0,6.9,0.0,Tuesday,1
2018-01-17,19010,10.39,33.8,36.0,24.1,7.9,0.05,Wednesday,1
2018-01-18,27662,11.02,26.0,36.0,19.9,12.4,0.12,Thursday,1
2018-01-19,30525,11.87,31.2,39.0,19.9,9.6,0.0,Friday,1
2018-01-20,28507,14.61,43.4,54.0,26.1,11.0,0.0,Saturday,1
2018-01-21,27908,14.16,46.1,54.0,37.0,5.3,0.0,Sunday,1
2018-01-22,36865,20.77,42.1,52.0,37.9,7.1,0.0,Monday,1
2018-01-23,28797,13.4,44.8,59.0,35.6,9.1,0.03,Tuesday,1
2018-01-24,36078,11.51,42.9,60.1,34.0,14.2,0.28,Wednesday,1
2018-01-25,31147,11.39,29.5,45.0,24.1,14.6,0.0,Thursday,1
2018-01-26,33073,11.98,32.0,39.0,24.1,6.6,0.0,Friday,1
2018-01-27,34351,22.88,42.1,57.0,28.0,7.8,0.0,Saturday,1
2018-01-28,20101,21.78,50.3,57.0,35.1,6.4,0.19,Sunday,1
2018-01-29,36799,11.98,42.8,54.0,39.0,8.8,0.08,Monday,1
2018-01-30,27996,10.92,34.2,44.1,30.0,11.2,0.06,Tuesday,1
2018-01-31,31276,11.03,26.2,37.0,19.0,13.0,0.0,Wednesday,1
2018-02-01,35561,11.32,36.9,45.0,19.0,8.1,0.0,Thursday,2
2018-02-02,26313,10.91,33.4,45.0,21.9,13.7,0.23,Friday,2
2018-02-03,18385,12.37,22.4,39.0,17.1,13.5,0.18,Saturday,2
2018-02-04,13959,11.17,34.8,45.0,17.1,8.2,0.0,Sunday,2
2018-02-05,29068,12.04,37.4,46.9,30.0,12.6,1.01,Monday,2
2018-02-06,34102,11.46,31.6,41.0,28.0,6.1,0.0,Tuesday,2
2018-02-07,15289,10.59,32.8,46.9,28.0,8.3,0.0,Wednesday,2
2018-02-08,31564,17.39,32.8,46.9,26.1,12.9,0.85,Thursday,2
2018-02-09,31567,11.61,30.8,36.0,26.1,8.2,0.0,Friday,2
2018-02-10,16324,15.01,42.0,51.1,28.0,5.5,0.0,Saturday,2
2018-02-11,8809,11.4,45.6,60.1,37.9,4.7,0.82,Sunday,2
2018-02-12,35139,18.19,48.1,63.0,41.0,11.4,0.99,Monday,2
2018-02-13,35189,11.13,33.0,41.0,27.0,9.9,0.0,Tuesday,2
2018-02-14,39591,13.46,40.5,54.0,27.0,6.8,0.01,Wednesday,2
2018-02-15,44193,12.13,51.0,61.0,36.0,6.8,0.13,Thursday,2
2018-02-16,29191,11.97,56.1,61.0,44.1,9.1,0.16,Friday,2
2018-02-17,17921,15.18,36.0,59.0,30.0,11.3,0.05,Saturday,2
2018-02-18,21538,17.15,37.6,45.0,30.0,8.8,0.62,Sunday,2
2018-02-19,25677,12.83,41.5,48.9,33.1,5.6,0.02,Monday,2
2018-02-20,44480,17.41,53.9,70.0,33.1,6.9,0.03,Tuesday,2
2018-02-21,53115,30.36,61.8,79.0,46.9,7.7,0.0,Wednesday,2
2018-02-22,27010,11.09,50.6,79.0,37.9,10.1,0.02,Thursday,2
2018-02-23,25634,12.7,37.8,41.0,37.0,9.1,0.11,Friday,2
2018-02-24,25550,14.26,46.7,54.0,36.0,7.4,0.07,Saturday,2
2018-02-25,16150,19.66,42.3,54.0,39.9,9.6,0.62,Sunday,2
2018-02-26,42570,12.38,46.1,52.0,39.9,6.4,0.22,Monday,2
2018-02-27,48516,14.21,47.3,57.0,39.9,7.5,0.0,Tuesday,2
2018-02-28,50709,15.03,49.5,62.1,39.9,9.2,0.0,Wednesday,2
2018-03-01,45564,13.9,54.5,62.1,42.1,6.0,0.0,Thursday,3
2018-03-02,6855,13.45,41.9,57.9,35.6,19.1,1.47,Friday,3
2018-03-03,28364,16.37,40.6,46.9,36.0,20.1,0.71,Saturday,3
2018-03-04,25262,13.33,41.9,46.9,37.9,16.6,0.0,Sunday,3
2018-03-05,36774,11.71,37.5,44.1,35.1,15.7,0.0,Monday,3
2018-03-06,42689,13.19,39.5,46.9,34.0,8.2,0.0,Tuesday,3
2018-03-07,8188,10.35,36.6,41.0,33.8,14.7,0.1,Wednesday,3
2018-03-08,28440,11.29,37.4,42.1,34.0,12.7,0.8,Thursday,3
2018-03-09,34912,12.98,36.8,44.1,30.9,14.0,0.0,Friday,3
2018-03-10,25444,14.9,37.4,44.1,30.9,14.0,0.0,Saturday,3
2018-03-11,27597,24.69,38.9,46.0,33.1,10.3,0.0,Sunday,3
2018-03-12,36340,13.36,38.2,46.0,33.1,10.5,0.0,Monday,3
2018-03-13,23137,11.05,37.3,43.0,33.1,14.1,0.21,Tuesday,3
2018-03-14,35377,11.43,36.7,42.1,32.0,16.3,0.05,Wednesday,3
2018-03-15,39574,21.85,38.6,48.0,32.0,15.0,0.0,Thursday,3
2018-03-16,34921,12.06,37.6,48.0,34.0,16.7,0.0,Friday,3
2018-03-17,27672,17.89,36.4,48.0,28.9,14.8,0.0,Saturday,3
2018-03-18,25158,14.38,37.4,48.0,28.9,11.6,0.0,Sunday,3
2018-03-19,39278,12.72,39.8,46.9,30.0,7.0,0.0,Monday,3
2018-03-20,35532,11.49,35.9,46.9,30.9,9.8,0.0,Tuesday,3
2018-03-21,3755,12.19,35.7,39.9,30.9,15.1,0.0,Wednesday,3
2018-03-22,27308,11.82,39.6,51.1,32.0,13.8,0.64,Thursday,3
2018-03-23,38528,13.43,42.7,51.1,33.1,11.0,0.01,Friday,3
2018-03-24,34398,20.73,43.3,51.1,37.0,10.2,0.0,Saturday,3
2018-03-25,25562,12.97,40.4,51.1,35.1,11.0,0.0,Sunday,3
2018-03-26,40295,12.77,40.4,50.0,34.0,9.1,0.0,Monday,3
2018-03-27,41354,12.18,39.4,50.0,34.0,5.8,0.0,Tuesday,3
2018-03-28,42520,12.54,43.7,52.0,35.1,5.5,0.04,Wednesday,3
2018-03-29,39293,16.09,49.6,53.1,39.0,5.2,0.03,Thursday,3
2018-03-30,34787,13.86,50.1,60.1,43.0,6.3,0.02,Friday,3
2018-03-31,41794,26.89,47.1,60.1,39.9,10.7,0.04,Saturday,3
2018-04-01,33149,21.5,50.4,59.0,39.9,11.0,0.0,Sunday,4
2018-04-02,22063,16.4,39.8,59.0,32.0,8.1,0.4,Monday,4
2018-04-03,25881,10.72,40.8,44.1,32.0,7.0,0.15,Tuesday,4
2018-04-04,36753,12.15,45.9,57.0,39.0,9.3,0.28,Wednesday,4
2018-04-05,39814,13.38,41.6,57.0,35.1,18.2,0.11,Thursday,4
2018-04-06,35624,13.14,44.8,62.1,35.1,10.7,0.0,Friday,4
2018-04-07,33245,14.38,45.7,62.1,37.0,10.5,0.09,Saturday,4
2018-04-08,28410,14.94,38.9,48.9,33.1,12.2,0.0,Sunday,4
2018-04-09,40509,11.93,38.7,48.9,33.1,10.6,0.0,Monday,4
2018-04-10,43051,11.53,43.2,50.0,33.1,7.9,0.0,Tuesday,4
2018-04-11,48612,12.48,44.4,52.0,37.9,6.9,0.0,Wednesday,4
2018-04-12,53168,13.6,50.6,60.1,37.9,8.1,0.0,Thursday,4
2018-04-13,63510,24.08,65.4,82.0,46.0,11.1,0.0,Friday,4
2018-04-14,62597,22.91,61.6,82.0,51.1,9.4,0.0,Saturday,4
2018-04-15,20440,12.31,44.4,69.1,39.0,18.4,0.0,Sunday,4
2018-04-16,26289,13.66,46.6,61.0,39.0,18.1,1.24,Monday,4
2018-04-17,44689,11.76,46.2,61.0,39.9,13.8,1.62,Tuesday,4
2018-04-18,51110,13.2,44.7,55.0,39.0,11.6,0.0,Wednesday,4
2018-04-19,38298,11.34,46.2,55.0,39.0,9.9,0.07,Thursday,4
2018-04-20,47052,16.0,43.2,50.0,37.9,16.3,0.08,Friday,4
2018-04-21,63599,23.5,48.8,62.1,37.9,10.4,0.0,Saturday,4
2018-04-22,54284,21.24,55.2,64.9,41.0,8.1,0.0,Sunday,4
2018-04-23,57767,16.77,53.5,64.9,45.0,7.8,0.0,Monday,4
2018-04-24,58527,14.89,54.8,66.0,45.0,7.9,0.0,Tuesday,4
2018-04-25,31214,17.29,56.1,66.0,46.0,10.4,0.42,Wednesday,4
2018-04-26,66077,16.64,59.6,70.0,50.0,9.9,0.29,Thursday,4
2018-04-27,39154,12.33,54.5,70.0,48.9,8.1,0.17,Friday,4
2018-04-28,56745,21.1,56.7,66.0,48.9,6.2,0.05,Saturday,4
2018-04-29,44837,18.7,54.2,66.0,50.0,10.6,0.22,Sunday,4
2018-04-30,41075,13.16,49.0,57.9,44.1,15.8,0.15,Monday,4
2018-05-01,72035,17.45,60.3,82.0,44.1,7.8,0.0,Tuesday,5
2018-05-02,76773,16.61,76.9,89.1,66.0,10.3,0.0,Wednesday,5
2018-05-03,69056,20.44,82.3,93.0,64.9,10.8,0.0,Thursday,5
2018-05-04,71199,17.76,75.8,93.0,68.0,5.5,0.01,Friday,5
2018-05-05,63329,24.56,70.3,84.0,61.0,11.2,0.0,Saturday,5
2018-05-06,48993,17.53,62.6,75.9,57.0,7.6,0.0,Sunday,5
2018-05-07,68917,17.65,62.1,75.0,54.0,5.6,0.0,Monday,5
2018-05-08,74313,18.98,61.8,75.0,54.0,5.9,0.0,Tuesday,5
2018-05-09,78458,18.08,63.5,73.9,54.0,4.8,0.0,Wednesday,5
2018-05-10,67455,16.11,59.4,73.9,54.0,6.5,0.0,Thursday,5
2018-05-11,75266,18.96,65.1,73.0,55.9,8.3,0.19,Friday,5
2018-05-12,34535,16.28,59.2,73.0,54.0,7.3,0.06,Saturday,5
2018-05-13,25986,17.89,53.6,64.0,52.0,7.3,0.14,Sunday,5
2018-05-14,64729,15.9,58.4,71.1,52.0,5.0,0.1,Monday,5
2018-05-15,52826,16.03,69.1,91.9,52.0,9.4,0.02,Tuesday,5
2018-05-16,32766,12.53,62.9,70.0,55.9,6.7,0.44,Wednesday,5
2018-05-17,49789,15.31,60.2,73.4,55.0,6.0,0.64,Thursday,5
2018-05-18,63113,17.44,64.9,73.0,55.0,8.9,0.02,Friday,5
2018-05-19,18026,15.37,54.4,66.9,50.0,10.7,0.2,Saturday,5
2018-05-20,56949,23.55,66.7,84.0,50.0,7.1,0.44,Sunday,5
2018-05-21,71220,22.68,68.9,84.0,55.0,7.6,0.0,Monday,5
2018-05-22,48508,13.95,64.6,79.0,55.9,5.0,0.0,Tuesday,5
2018-05-23,72655,19.2,66.2,82.0,55.9,5.1,0.42,Wednesday,5
2018-05-24,74810,19.33,74.5,86.0,57.0,7.6,0.21,Thursday,5
2018-05-25,69345,20.34,77.9,89.1,66.0,9.6,0.0,Friday,5
2018-05-26,51597,32.99,82.3,91.9,68.0,9.3,0.0,Saturday,5
2018-05-27,25814,24.0,68.8,91.9,59.0,11.2,0.12,Sunday,5
2018-05-28,49043,22.91,60.2,82.0,55.9,8.3,0.41,Monday,5
2018-05-29,69090,17.07,72.8,87.1,55.9,6.0,0.0,Tuesday,5
2018-05-30,72321,16.62,69.0,87.1,63.0,7.8,0.0,Wednesday,5
2018-05-31,55794,13.87,64.0,77.0,60.1,7.1,0.0,Thursday,5